value_network_X,value_network_y,policy_network_X,policy_network_y
"[[0. 0. 0. 0. 0. 0. 0. 0. 0.]
 [0. 0. 0. 0. 0. 0. 0. 0. 0.]
 [0. 0. 0. 0. 0. 0. 0. 0. 0.]
 [0. 0. 0. 0. 0. 0. 0. 0. 0.]
 [0. 0. 0. 0. 0. 1. 0. 0. 0.]
 [0. 0. 0. 0. 0. 0. 0. 0. 0.]
 [0. 0. 0. 0. 0. 0. 0. 0. 0.]
 [0. 0. 0. 0. 0. 0. 0. 0. 0.]
 [0. 0. 0. 0. 0. 0. 0. 0. 0.]]",1.0,"[[0. 0. 0. 0. 0. 0. 0. 0. 0.]
 [0. 0. 0. 0. 0. 0. 0. 0. 0.]
 [0. 0. 0. 0. 0. 0. 0. 0. 0.]
 [0. 0. 0. 0. 0. 0. 0. 0. 0.]
 [0. 0. 0. 0. 0. 0. 0. 0. 0.]
 [0. 0. 0. 0. 0. 0. 0. 0. 0.]
 [0. 0. 0. 0. 0. 0. 0. 0. 0.]
 [0. 0. 0. 0. 0. 0. 0. 0. 0.]
 [0. 0. 0. 0. 0. 0. 0. 0. 0.]]","[5.846884800510728e-06, 2.6544815927252724e-10, 4.861852628914806e-12, 1.9614113402225822e-09, 1.4492978425983413e-08, 6.579802025888552e-13, 4.861852628914806e-12, 2.4205738923026044e-13, 2.6544815927252724e-10, 2.4205738923026044e-13, 3.5924501819784956e-11, 6.579802025888552e-13, 2.4205738923026044e-13, 5.331668804260547e-09, 5.331668804260547e-09, 1.4492978425983413e-08, 1.0708943063018306e-07, 2.4205738923026044e-13, 9.765292049316535e-11, 6.579802025888552e-13, 6.579802025888552e-13, 1.3215885653824953e-11, 1.3215885653824953e-11, 2.150948713005686e-06, 0.0008677546441526354, 1.9614113402225822e-09, 2.4205738923026044e-13, 1.4492978425983413e-08, 1.9614113402225822e-09, 3.5924501819784956e-11, 2.6544815927252724e-10, 1.4492978425983413e-08, 1.0708943063018306e-07, 4.861852628914806e-12, 1.4492978425983413e-08, 3.9395999895599686e-08, 4.861852628914806e-12, 1.0708943063018306e-07, 1.4492978425983413e-08, 1.7885756281830863e-12, 0.04737779825340328, 0.9516085161580677, 1.3215885653824953e-11, 5.846884800510728e-06, 6.579802025888552e-13, 2.4205738923026044e-13, 7.912898105289649e-07, 4.861852628914806e-12, 9.765292049316535e-11, 4.861852628914806e-12, 4.861852628914806e-12, 0.00011743782054628299, 3.5924501819784956e-11, 2.910992533020521e-07, 2.4205738923026044e-13, 1.4492978425983413e-08, 1.0708943063018306e-07, 3.9395999895599686e-08, 6.579802025888552e-13, 1.3215885653824953e-11, 5.846884800510728e-06, 1.9614113402225822e-09, 4.861852628914806e-12, 2.6544815927252724e-10, 1.0708943063018306e-07, 5.331668804260547e-09, 2.910992533020521e-07, 4.861852628914806e-12, 5.331668804260547e-09, 1.9614113402225822e-09, 7.912898105289649e-07, 1.9614113402225822e-09, 3.9395999895599686e-08, 9.765292049316535e-11, 9.765292049316535e-11, 4.861852628914806e-12, 2.4205738923026044e-13, 6.579802025888552e-13, 1.7885756281830863e-12, 4.861852628914806e-12, 5.846884800510728e-06]"
"[[ 0.  0.  0.  0.  0.  0.  0.  0.  0.]
 [ 0.  0.  0.  0.  0.  0.  0.  0.  0.]
 [ 0.  0.  0.  0.  0.  0.  0.  0.  0.]
 [ 0.  0.  0.  0.  0.  0.  0.  0.  0.]
 [ 0.  0.  0.  0.  0.  1.  0.  0.  0.]
 [ 0.  0. -1.  0.  0.  0.  0.  0.  0.]
 [ 0.  0.  0.  0.  0.  0.  0.  0.  0.]
 [ 0.  0.  0.  0.  0.  0.  0.  0.  0.]
 [ 0.  0.  0.  0.  0.  0.  0.  0.  0.]]",1.0,"[[0. 0. 0. 0. 0. 0. 0. 0. 0.]
 [0. 0. 0. 0. 0. 0. 0. 0. 0.]
 [0. 0. 0. 0. 0. 0. 0. 0. 0.]
 [0. 0. 0. 0. 0. 0. 0. 0. 0.]
 [0. 0. 0. 0. 0. 1. 0. 0. 0.]
 [0. 0. 0. 0. 0. 0. 0. 0. 0.]
 [0. 0. 0. 0. 0. 0. 0. 0. 0.]
 [0. 0. 0. 0. 0. 0. 0. 0. 0.]
 [0. 0. 0. 0. 0. 0. 0. 0. 0.]]","[0.0, 0.0, 0.0, 0.0, 0.0, 0.0, 0.0, 0.0, 0.0, 0.0, 0.0, 0.0, 0.0, 0.0, 0.0, 0.0, 0.0, 0.0, 0.0, 0.0, 0.0, 0.0, 0.0, 0.0, 0.0, 0.0, 0.0, 0.0, 0.0, 0.0, 0.0, 0.0, 0.0, 0.0, 0.0, 0.0, 0.0, 0.0, 0.0, 0.0, 0.0, 0.0, 0.0, 0.0, 0.0, 0.0, 0.0, 1.0, 0.0, 0.0, 0.0, 0.0, 0.0, 0.0, 0.0, 0.0, 0.0, 0.0, 0.0, 0.0, 0.0, 0.0, 0.0, 0.0, 0.0, 0.0, 0.0, 0.0, 0.0, 0.0, 0.0, 0.0, 0.0, 0.0, 0.0, 0.0, 0.0, 0.0, 0.0, 0.0, 0.0]"
"[[ 0.  0.  0.  0.  0.  0.  0.  0.  0.]
 [ 0.  0.  0.  0.  0.  0.  0.  0.  0.]
 [ 0.  0.  0.  0.  0.  1.  0.  0.  0.]
 [ 0.  0.  0.  0.  0.  0.  0.  0.  0.]
 [ 0.  0.  0.  0.  0.  1.  0.  0.  0.]
 [ 0.  0. -1.  0.  0.  0.  0.  0.  0.]
 [ 0.  0.  0.  0.  0.  0.  0.  0.  0.]
 [ 0.  0.  0.  0.  0.  0.  0.  0.  0.]
 [ 0.  0.  0.  0.  0.  0.  0.  0.  0.]]",1.0,"[[ 0.  0.  0.  0.  0.  0.  0.  0.  0.]
 [ 0.  0.  0.  0.  0.  0.  0.  0.  0.]
 [ 0.  0.  0.  0.  0.  0.  0.  0.  0.]
 [ 0.  0.  0.  0.  0.  0.  0.  0.  0.]
 [ 0.  0.  0.  0.  0.  1.  0.  0.  0.]
 [ 0.  0. -1.  0.  0.  0.  0.  0.  0.]
 [ 0.  0.  0.  0.  0.  0.  0.  0.  0.]
 [ 0.  0.  0.  0.  0.  0.  0.  0.  0.]
 [ 0.  0.  0.  0.  0.  0.  0.  0.  0.]]","[5.1876108215107433e-250, 5.1876108215107433e-250, 5.1876108215107433e-250, 5.1876108215107433e-250, 5.1876108215107433e-250, 5.1876108215107433e-250, 5.1876108215107433e-250, 5.1876108215107433e-250, 5.1876108215107433e-250, 5.1876108215107433e-250, 5.1876108215107433e-250, 5.1876108215107433e-250, 5.1876108215107433e-250, 5.1876108215107433e-250, 5.1876108215107433e-250, 5.1876108215107433e-250, 5.1876108215107433e-250, 5.1876108215107433e-250, 1.1134873572652229e-235, 1.5464049912046552e-246, 7.69909710215122e-248, 5.688906039890977e-247, 8.443085172179486e-245, 1.0, 6.238642998528377e-244, 9.258967159247676e-242, 2.0167918197815843e-194, 5.1876108215107433e-250, 5.1876108215107433e-250, 5.1876108215107433e-250, 5.1876108215107433e-250, 5.1876108215107433e-250, 5.1876108215107433e-250, 5.1876108215107433e-250, 5.1876108215107433e-250, 5.1876108215107433e-250, 5.1876108215107433e-250, 5.1876108215107433e-250, 5.1876108215107433e-250, 5.1876108215107433e-250, 5.1876108215107433e-250, 5.1876108215107433e-250, 5.1876108215107433e-250, 5.1876108215107433e-250, 5.1876108215107433e-250, 5.1876108215107433e-250, 5.1876108215107433e-250, 5.1876108215107433e-250, 5.1876108215107433e-250, 5.1876108215107433e-250, 5.1876108215107433e-250, 5.1876108215107433e-250, 5.1876108215107433e-250, 5.1876108215107433e-250, 5.1876108215107433e-250, 5.1876108215107433e-250, 5.1876108215107433e-250, 5.1876108215107433e-250, 5.1876108215107433e-250, 5.1876108215107433e-250, 5.1876108215107433e-250, 5.1876108215107433e-250, 5.1876108215107433e-250, 5.1876108215107433e-250, 5.1876108215107433e-250, 5.1876108215107433e-250, 5.1876108215107433e-250, 5.1876108215107433e-250, 5.1876108215107433e-250, 5.1876108215107433e-250, 5.1876108215107433e-250, 5.1876108215107433e-250, 5.1876108215107433e-250, 5.1876108215107433e-250, 5.1876108215107433e-250, 5.1876108215107433e-250, 5.1876108215107433e-250, 5.1876108215107433e-250, 5.1876108215107433e-250, 5.1876108215107433e-250, 5.1876108215107433e-250]"
"[[ 0.  0.  0.  0.  0.  0.  0.  0.  0.]
 [ 0.  0.  0.  0.  0.  0.  0.  0.  0.]
 [ 0.  0.  0.  0.  0.  1.  0.  0.  0.]
 [ 0.  0.  0.  0.  0.  0.  0.  0.  0.]
 [ 0.  0.  0.  0.  0.  1.  0.  0.  0.]
 [ 0.  0. -1.  0.  0.  0. -1.  0.  0.]
 [ 0.  0.  0.  0.  0.  0.  0.  0.  0.]
 [ 0.  0.  0.  0.  0.  0.  0.  0.  0.]
 [ 0.  0.  0.  0.  0.  0.  0.  0.  0.]]",1.0,"[[ 0.  0.  0.  0.  0.  0.  0.  0.  0.]
 [ 0.  0.  0.  0.  0.  0.  0.  0.  0.]
 [ 0.  0.  0.  0.  0.  1.  0.  0.  0.]
 [ 0.  0.  0.  0.  0.  0.  0.  0.  0.]
 [ 0.  0.  0.  0.  0.  1.  0.  0.  0.]
 [ 0.  0. -1.  0.  0.  0.  0.  0.  0.]
 [ 0.  0.  0.  0.  0.  0.  0.  0.  0.]
 [ 0.  0.  0.  0.  0.  0.  0.  0.  0.]
 [ 0.  0.  0.  0.  0.  0.  0.  0.  0.]]","[0.0, 0.0, 0.0, 0.0, 0.0, 0.0, 0.0, 0.0, 0.0, 0.0, 0.0, 0.0, 0.0, 0.0, 0.0, 0.0, 0.0, 0.0, 0.0, 0.0, 0.0, 0.0, 0.0, 0.0, 0.0, 0.0, 0.0, 0.0, 0.0, 0.0, 0.0, 0.0, 0.0, 0.0, 0.0, 0.0, 0.0, 0.0, 0.0, 0.0, 0.0, 0.0, 0.0, 0.0, 0.0, 0.0, 0.0, 0.0, 0.0, 0.0, 0.0, 1.0, 0.0, 0.0, 0.0, 0.0, 0.0, 0.0, 0.0, 0.0, 0.0, 0.0, 0.0, 0.0, 0.0, 0.0, 0.0, 0.0, 0.0, 0.0, 0.0, 0.0, 0.0, 0.0, 0.0, 0.0, 0.0, 0.0, 0.0, 0.0, 0.0]"
"[[ 0.  0.  0.  0.  0.  0.  0.  0.  0.]
 [ 0.  0.  0.  0.  0.  0.  0.  0.  0.]
 [ 0.  0.  0.  0.  0.  1.  0.  0.  0.]
 [ 0.  0.  0.  0.  0.  0.  0.  0.  0.]
 [ 0.  0.  0.  0.  0.  1.  0.  0.  0.]
 [ 0.  0. -1.  0.  0.  0. -1.  0.  0.]
 [ 0.  0.  0.  0.  1.  0.  0.  0.  0.]
 [ 0.  0.  0.  0.  0.  0.  0.  0.  0.]
 [ 0.  0.  0.  0.  0.  0.  0.  0.  0.]]",1.0,"[[ 0.  0.  0.  0.  0.  0.  0.  0.  0.]
 [ 0.  0.  0.  0.  0.  0.  0.  0.  0.]
 [ 0.  0.  0.  0.  0.  1.  0.  0.  0.]
 [ 0.  0.  0.  0.  0.  0.  0.  0.  0.]
 [ 0.  0.  0.  0.  0.  1.  0.  0.  0.]
 [ 0.  0. -1.  0.  0.  0. -1.  0.  0.]
 [ 0.  0.  0.  0.  0.  0.  0.  0.  0.]
 [ 0.  0.  0.  0.  0.  0.  0.  0.  0.]
 [ 0.  0.  0.  0.  0.  0.  0.  0.  0.]]","[2.371832311922203e-102, 2.371832311922203e-102, 2.371832311922203e-102, 2.371832311922203e-102, 2.371832311922203e-102, 2.371832311922203e-102, 2.371832311922203e-102, 2.371832311922203e-102, 2.371832311922203e-102, 2.371832311922203e-102, 2.371832311922203e-102, 2.371832311922203e-102, 2.371832311922203e-102, 2.371832311922203e-102, 2.371832311922203e-102, 2.371832311922203e-102, 2.371832311922203e-102, 2.371832311922203e-102, 2.371832311922203e-102, 2.371832311922203e-102, 2.371832311922203e-102, 2.371832311922203e-102, 2.371832311922203e-102, 2.371832311922203e-102, 2.371832311922203e-102, 2.371832311922203e-102, 2.371832311922203e-102, 2.371832311922203e-102, 2.371832311922203e-102, 2.371832311922203e-102, 2.371832311922203e-102, 2.371832311922203e-102, 2.371832311922203e-102, 2.371832311922203e-102, 2.371832311922203e-102, 2.371832311922203e-102, 2.371832311922203e-102, 2.371832311922203e-102, 2.371832311922203e-102, 2.371832311922203e-102, 2.371832311922203e-102, 2.371832311922203e-102, 2.371832311922203e-102, 2.371832311922203e-102, 2.371832311922203e-102, 2.371832311922203e-102, 2.371832311922203e-102, 2.371832311922203e-102, 2.371832311922203e-102, 2.371832311922203e-102, 2.371832311922203e-102, 2.371832311922203e-102, 2.371832311922203e-102, 2.371832311922203e-102, 3.1280097725187016e-93, 7.070332474148139e-99, 3.048184041114049e-83, 1.8250740325166693e-78, 0.999983298578152, 5.440469014173021e-75, 9.56865447965859e-100, 1.670142184809518e-05, 6.054500774940809e-39, 2.371832311922203e-102, 2.371832311922203e-102, 2.371832311922203e-102, 2.371832311922203e-102, 2.371832311922203e-102, 2.371832311922203e-102, 2.371832311922203e-102, 2.371832311922203e-102, 2.371832311922203e-102, 2.371832311922203e-102, 2.371832311922203e-102, 2.371832311922203e-102, 2.371832311922203e-102, 2.371832311922203e-102, 2.371832311922203e-102, 2.371832311922203e-102, 2.371832311922203e-102, 2.371832311922203e-102]"
"[[ 0.  0.  0.  0.  0.  0.  0.  0.  0.]
 [ 0.  0.  0.  0.  0.  0.  0.  0.  0.]
 [ 0.  0.  0.  0.  0.  1.  0.  0.  0.]
 [ 0.  0.  0.  0.  0.  0.  0.  0.  0.]
 [ 0.  0.  0.  0.  0.  1.  0. -1.  0.]
 [ 0.  0. -1.  0.  0.  0. -1.  0.  0.]
 [ 0.  0.  0.  0.  1.  0.  0.  0.  0.]
 [ 0.  0.  0.  0.  0.  0.  0.  0.  0.]
 [ 0.  0.  0.  0.  0.  0.  0.  0.  0.]]",1.0,"[[ 0.  0.  0.  0.  0.  0.  0.  0.  0.]
 [ 0.  0.  0.  0.  0.  0.  0.  0.  0.]
 [ 0.  0.  0.  0.  0.  1.  0.  0.  0.]
 [ 0.  0.  0.  0.  0.  0.  0.  0.  0.]
 [ 0.  0.  0.  0.  0.  1.  0.  0.  0.]
 [ 0.  0. -1.  0.  0.  0. -1.  0.  0.]
 [ 0.  0.  0.  0.  1.  0.  0.  0.  0.]
 [ 0.  0.  0.  0.  0.  0.  0.  0.  0.]
 [ 0.  0.  0.  0.  0.  0.  0.  0.  0.]]","[0.0, 0.0, 0.0, 0.0, 0.0, 0.0, 0.0, 0.0, 0.0, 0.0, 0.0, 0.0, 0.0, 0.0, 0.0, 0.0, 0.0, 0.0, 0.0, 0.0, 0.0, 0.0, 0.0, 0.0, 0.0, 0.0, 0.0, 0.0, 0.0, 0.0, 0.0, 0.0, 0.0, 0.0, 0.0, 0.0, 0.0, 0.0, 0.0, 0.0, 0.0, 0.0, 0.0, 1.0, 0.0, 0.0, 0.0, 0.0, 0.0, 0.0, 0.0, 0.0, 0.0, 0.0, 0.0, 0.0, 0.0, 0.0, 0.0, 0.0, 0.0, 0.0, 0.0, 0.0, 0.0, 0.0, 0.0, 0.0, 0.0, 0.0, 0.0, 0.0, 0.0, 0.0, 0.0, 0.0, 0.0, 0.0, 0.0, 0.0, 0.0]"
"[[ 0.  0.  0.  0.  0.  0.  0.  0.  0.]
 [ 0.  0.  0.  0.  0.  0.  0.  0.  0.]
 [ 0.  0.  0.  0.  0.  1.  0.  0.  0.]
 [ 0.  0.  0.  0.  0.  0.  0.  0.  0.]
 [ 0.  0.  0.  0.  0.  1.  0. -1.  0.]
 [ 0.  0. -1.  0.  0.  0. -1.  0.  0.]
 [ 0.  0.  0.  0.  1.  0.  0.  0.  0.]
 [ 0.  0.  0.  1.  0.  0.  0.  0.  0.]
 [ 0.  0.  0.  0.  0.  0.  0.  0.  0.]]",1.0,"[[ 0.  0.  0.  0.  0.  0.  0.  0.  0.]
 [ 0.  0.  0.  0.  0.  0.  0.  0.  0.]
 [ 0.  0.  0.  0.  0.  1.  0.  0.  0.]
 [ 0.  0.  0.  0.  0.  0.  0.  0.  0.]
 [ 0.  0.  0.  0.  0.  1.  0. -1.  0.]
 [ 0.  0. -1.  0.  0.  0. -1.  0.  0.]
 [ 0.  0.  0.  0.  1.  0.  0.  0.  0.]
 [ 0.  0.  0.  0.  0.  0.  0.  0.  0.]
 [ 0.  0.  0.  0.  0.  0.  0.  0.  0.]]","[1.610388956444074e-223, 1.610388956444074e-223, 1.610388956444074e-223, 1.610388956444074e-223, 1.610388956444074e-223, 1.610388956444074e-223, 1.610388956444074e-223, 1.610388956444074e-223, 1.610388956444074e-223, 1.610388956444074e-223, 1.610388956444074e-223, 1.610388956444074e-223, 1.610388956444074e-223, 1.610388956444074e-223, 1.610388956444074e-223, 1.610388956444074e-223, 1.610388956444074e-223, 1.610388956444074e-223, 1.610388956444074e-223, 1.610388956444074e-223, 1.610388956444074e-223, 1.610388956444074e-223, 1.610388956444074e-223, 1.610388956444074e-223, 1.610388956444074e-223, 1.610388956444074e-223, 1.610388956444074e-223, 1.610388956444074e-223, 1.610388956444074e-223, 1.610388956444074e-223, 1.610388956444074e-223, 1.610388956444074e-223, 1.610388956444074e-223, 1.610388956444074e-223, 1.610388956444074e-223, 1.610388956444074e-223, 1.610388956444074e-223, 1.610388956444074e-223, 1.610388956444074e-223, 1.610388956444074e-223, 1.610388956444074e-223, 1.610388956444074e-223, 1.610388956444074e-223, 1.610388956444074e-223, 1.610388956444074e-223, 1.610388956444074e-223, 1.610388956444074e-223, 1.610388956444074e-223, 1.610388956444074e-223, 1.610388956444074e-223, 1.610388956444074e-223, 1.610388956444074e-223, 1.610388956444074e-223, 1.610388956444074e-223, 1.610388956444074e-223, 1.610388956444074e-223, 1.610388956444074e-223, 1.610388956444074e-223, 1.610388956444074e-223, 1.610388956444074e-223, 1.610388956444074e-223, 1.610388956444074e-223, 1.610388956444074e-223, 7.6136604674769635e-205, 4.800501821955756e-220, 2.2444145171954394e-158, 1.0, 1.7660059276035744e-220, 1.9366606581912876e-217, 4.2657789743798256e-213, 1.057380891792158e-215, 1.5692923852557387e-213, 1.610388956444074e-223, 1.610388956444074e-223, 1.610388956444074e-223, 1.610388956444074e-223, 1.610388956444074e-223, 1.610388956444074e-223, 1.610388956444074e-223, 1.610388956444074e-223, 1.610388956444074e-223]"
"[[ 0.  0.  0.  0.  0.  0.  0.  0.  0.]
 [ 0.  0.  0.  0.  0.  0.  0.  0.  0.]
 [ 0.  0.  0.  0.  0.  1.  0.  0.  0.]
 [ 0.  0.  0.  0.  0.  0. -1.  0.  0.]
 [ 0.  0.  0.  0.  0.  1.  0. -1.  0.]
 [ 0.  0. -1.  0.  0.  0. -1.  0.  0.]
 [ 0.  0.  0.  0.  1.  0.  0.  0.  0.]
 [ 0.  0.  0.  1.  0.  0.  0.  0.  0.]
 [ 0.  0.  0.  0.  0.  0.  0.  0.  0.]]",1.0,"[[ 0.  0.  0.  0.  0.  0.  0.  0.  0.]
 [ 0.  0.  0.  0.  0.  0.  0.  0.  0.]
 [ 0.  0.  0.  0.  0.  1.  0.  0.  0.]
 [ 0.  0.  0.  0.  0.  0.  0.  0.  0.]
 [ 0.  0.  0.  0.  0.  1.  0. -1.  0.]
 [ 0.  0. -1.  0.  0.  0. -1.  0.  0.]
 [ 0.  0.  0.  0.  1.  0.  0.  0.  0.]
 [ 0.  0.  0.  1.  0.  0.  0.  0.  0.]
 [ 0.  0.  0.  0.  0.  0.  0.  0.  0.]]","[0.0, 0.0, 0.0, 0.0, 0.0, 0.0, 0.0, 0.0, 0.0, 0.0, 0.0, 0.0, 0.0, 0.0, 0.0, 0.0, 0.0, 0.0, 0.0, 0.0, 0.0, 0.0, 0.0, 0.0, 0.0, 0.0, 0.0, 0.0, 0.0, 0.0, 0.0, 0.0, 0.0, 1.0, 0.0, 0.0, 0.0, 0.0, 0.0, 0.0, 0.0, 0.0, 0.0, 0.0, 0.0, 0.0, 0.0, 0.0, 0.0, 0.0, 0.0, 0.0, 0.0, 0.0, 0.0, 0.0, 0.0, 0.0, 0.0, 0.0, 0.0, 0.0, 0.0, 0.0, 0.0, 0.0, 0.0, 0.0, 0.0, 0.0, 0.0, 0.0, 0.0, 0.0, 0.0, 0.0, 0.0, 0.0, 0.0, 0.0, 0.0]"
"[[ 0.  0.  0.  0.  0.  0.  0.  0.  0.]
 [ 0.  0.  0.  0.  0.  0.  0.  0.  0.]
 [ 0.  0.  0.  0.  0.  1.  0.  0.  0.]
 [ 0.  0.  0.  0.  0.  0. -1.  0.  0.]
 [ 0.  0.  0.  0.  0.  1.  0. -1.  0.]
 [ 0.  0. -1.  0.  0.  0. -1.  0.  0.]
 [ 0.  0.  0.  0.  1.  1.  0.  0.  0.]
 [ 0.  0.  0.  1.  0.  0.  0.  0.  0.]
 [ 0.  0.  0.  0.  0.  0.  0.  0.  0.]]",1.0,"[[ 0.  0.  0.  0.  0.  0.  0.  0.  0.]
 [ 0.  0.  0.  0.  0.  0.  0.  0.  0.]
 [ 0.  0.  0.  0.  0.  1.  0.  0.  0.]
 [ 0.  0.  0.  0.  0.  0. -1.  0.  0.]
 [ 0.  0.  0.  0.  0.  1.  0. -1.  0.]
 [ 0.  0. -1.  0.  0.  0. -1.  0.  0.]
 [ 0.  0.  0.  0.  1.  0.  0.  0.  0.]
 [ 0.  0.  0.  1.  0.  0.  0.  0.  0.]
 [ 0.  0.  0.  0.  0.  0.  0.  0.  0.]]","[5.837886901742308e-257, 5.837886901742308e-257, 5.837886901742308e-257, 5.837886901742308e-257, 5.837886901742308e-257, 5.837886901742308e-257, 5.837886901742308e-257, 5.837886901742308e-257, 5.837886901742308e-257, 5.837886901742308e-257, 5.837886901742308e-257, 5.837886901742308e-257, 5.837886901742308e-257, 5.837886901742308e-257, 5.837886901742308e-257, 5.837886901742308e-257, 5.837886901742308e-257, 5.837886901742308e-257, 5.837886901742308e-257, 5.837886901742308e-257, 5.837886901742308e-257, 5.837886901742308e-257, 5.837886901742308e-257, 5.837886901742308e-257, 5.837886901742308e-257, 5.837886901742308e-257, 5.837886901742308e-257, 5.837886901742308e-257, 5.837886901742308e-257, 5.837886901742308e-257, 5.837886901742308e-257, 5.837886901742308e-257, 5.837886901742308e-257, 5.837886901742308e-257, 5.837886901742308e-257, 5.837886901742308e-257, 5.837886901742308e-257, 5.837886901742308e-257, 5.837886901742308e-257, 5.837886901742308e-257, 5.837886901742308e-257, 5.837886901742308e-257, 5.837886901742308e-257, 5.837886901742308e-257, 5.837886901742308e-257, 5.837886901742308e-257, 5.837886901742308e-257, 5.837886901742308e-257, 5.837886901742308e-257, 5.837886901742308e-257, 5.837886901742308e-257, 5.837886901742308e-257, 5.837886901742308e-257, 5.837886901742308e-257, 2.0394232342840765e-237, 5.055224781125599e-240, 5.055224781125599e-240, 7.020667798504735e-251, 5.837886901742308e-257, 1.0, 7.502618797404815e-238, 4.730488752451095e-253, 2.832339539464062e-248, 5.837886901742308e-257, 5.837886901742308e-257, 5.837886901742308e-257, 5.837886901742308e-257, 5.837886901742308e-257, 5.837886901742308e-257, 5.837886901742308e-257, 5.837886901742308e-257, 5.837886901742308e-257, 5.837886901742308e-257, 5.837886901742308e-257, 5.837886901742308e-257, 5.837886901742308e-257, 5.837886901742308e-257, 5.837886901742308e-257, 5.837886901742308e-257, 5.837886901742308e-257, 5.837886901742308e-257]"
"[[ 0.  0.  0.  0.  0.  0.  0.  0.  0.]
 [ 0.  0.  0.  0.  0.  0.  0.  0.  0.]
 [ 0.  0.  0.  0.  0.  1.  0.  0.  0.]
 [ 0.  0.  0.  0.  0.  0. -1.  0.  0.]
 [ 0.  0.  0.  0.  0.  1.  0. -1.  0.]
 [ 0.  0. -1.  0.  0.  0. -1. -1.  0.]
 [ 0.  0.  0.  0.  1.  1.  0.  0.  0.]
 [ 0.  0.  0.  1.  0.  0.  0.  0.  0.]
 [ 0.  0.  0.  0.  0.  0.  0.  0.  0.]]",1.0,"[[ 0.  0.  0.  0.  0.  0.  0.  0.  0.]
 [ 0.  0.  0.  0.  0.  0.  0.  0.  0.]
 [ 0.  0.  0.  0.  0.  1.  0.  0.  0.]
 [ 0.  0.  0.  0.  0.  0. -1.  0.  0.]
 [ 0.  0.  0.  0.  0.  1.  0. -1.  0.]
 [ 0.  0. -1.  0.  0.  0. -1.  0.  0.]
 [ 0.  0.  0.  0.  1.  1.  0.  0.  0.]
 [ 0.  0.  0.  1.  0.  0.  0.  0.  0.]
 [ 0.  0.  0.  0.  0.  0.  0.  0.  0.]]","[0.0, 0.0, 0.0, 0.0, 0.0, 0.0, 0.0, 0.0, 0.0, 0.0, 0.0, 0.0, 0.0, 0.0, 0.0, 0.0, 0.0, 0.0, 0.0, 0.0, 0.0, 0.0, 0.0, 0.0, 0.0, 0.0, 0.0, 0.0, 0.0, 0.0, 0.0, 0.0, 0.0, 0.0, 0.0, 0.0, 0.0, 0.0, 0.0, 0.0, 0.0, 0.0, 0.0, 0.0, 0.0, 0.0, 0.0, 0.0, 0.0, 0.0, 0.0, 0.0, 1.0, 0.0, 0.0, 0.0, 0.0, 0.0, 0.0, 0.0, 0.0, 0.0, 0.0, 0.0, 0.0, 0.0, 0.0, 0.0, 0.0, 0.0, 0.0, 0.0, 0.0, 0.0, 0.0, 0.0, 0.0, 0.0, 0.0, 0.0, 0.0]"
"[[ 0.  0.  0.  0.  0.  0.  0.  0.  0.]
 [ 0.  0.  0.  0.  0.  0.  0.  0.  0.]
 [ 0.  0.  0.  0.  0.  1.  0.  0.  0.]
 [ 0.  0.  0.  0.  0.  0. -1.  0.  0.]
 [ 0.  0.  0.  0.  0.  1.  0. -1.  0.]
 [ 0.  0. -1.  0.  0.  0. -1. -1.  0.]
 [ 0.  0.  0.  0.  1.  1.  0.  0.  0.]
 [ 0.  0.  0.  1.  0.  0.  0.  1.  0.]
 [ 0.  0.  0.  0.  0.  0.  0.  0.  0.]]",1.0,"[[ 0.  0.  0.  0.  0.  0.  0.  0.  0.]
 [ 0.  0.  0.  0.  0.  0.  0.  0.  0.]
 [ 0.  0.  0.  0.  0.  1.  0.  0.  0.]
 [ 0.  0.  0.  0.  0.  0. -1.  0.  0.]
 [ 0.  0.  0.  0.  0.  1.  0. -1.  0.]
 [ 0.  0. -1.  0.  0.  0. -1. -1.  0.]
 [ 0.  0.  0.  0.  1.  1.  0.  0.  0.]
 [ 0.  0.  0.  1.  0.  0.  0.  0.  0.]
 [ 0.  0.  0.  0.  0.  0.  0.  0.  0.]]","[9.127128109695893e-123, 9.127128109695893e-123, 9.127128109695893e-123, 9.127128109695893e-123, 9.127128109695893e-123, 9.127128109695893e-123, 9.127128109695893e-123, 9.127128109695893e-123, 9.127128109695893e-123, 9.127128109695893e-123, 9.127128109695893e-123, 9.127128109695893e-123, 9.127128109695893e-123, 9.127128109695893e-123, 9.127128109695893e-123, 9.127128109695893e-123, 9.127128109695893e-123, 9.127128109695893e-123, 9.127128109695893e-123, 9.127128109695893e-123, 9.127128109695893e-123, 9.127128109695893e-123, 9.127128109695893e-123, 9.127128109695893e-123, 9.127128109695893e-123, 9.127128109695893e-123, 9.127128109695893e-123, 9.127128109695893e-123, 9.127128109695893e-123, 9.127128109695893e-123, 9.127128109695893e-123, 9.127128109695893e-123, 9.127128109695893e-123, 9.127128109695893e-123, 9.127128109695893e-123, 9.127128109695893e-123, 9.127128109695893e-123, 9.127128109695893e-123, 9.127128109695893e-123, 9.127128109695893e-123, 9.127128109695893e-123, 9.127128109695893e-123, 9.127128109695893e-123, 9.127128109695893e-123, 9.127128109695893e-123, 9.127128109695893e-123, 9.127128109695893e-123, 9.127128109695893e-123, 9.127128109695893e-123, 9.127128109695893e-123, 9.127128109695893e-123, 9.127128109695893e-123, 9.127128109695893e-123, 9.127128109695893e-123, 9.127128109695893e-123, 9.127128109695893e-123, 9.127128109695893e-123, 9.127128109695893e-123, 9.127128109695893e-123, 9.127128109695893e-123, 9.127128109695893e-123, 9.127128109695893e-123, 9.127128109695893e-123, 0.006692850924284856, 5.464789618926975e-118, 1.2863309626593027e-100, 9.127128109695893e-123, 7.39578850905983e-119, 8.110466911759181e-116, 1.7666250501718164e-68, 0.9933071490757153, 2.6513257233400992e-109, 9.127128109695893e-123, 9.127128109695893e-123, 9.127128109695893e-123, 9.127128109695893e-123, 9.127128109695893e-123, 9.127128109695893e-123, 9.127128109695893e-123, 9.127128109695893e-123, 9.127128109695893e-123]"
"[[ 0.  0.  0.  0.  0.  0.  0.  0.  0.]
 [ 0.  0.  0.  0.  0.  0.  0.  0.  0.]
 [ 0.  0.  0.  0.  0.  1.  0.  0.  0.]
 [ 0.  0.  0.  0.  0.  0. -1.  0.  0.]
 [ 0.  0.  0.  0.  0.  1.  0. -1.  0.]
 [ 0.  0. -1.  0.  0.  0. -1. -1.  0.]
 [ 0.  0.  0.  0.  1.  1.  0.  0.  0.]
 [ 0. -1.  0.  1.  0.  0.  0.  1.  0.]
 [ 0.  0.  0.  0.  0.  0.  0.  0.  0.]]",1.0,"[[ 0.  0.  0.  0.  0.  0.  0.  0.  0.]
 [ 0.  0.  0.  0.  0.  0.  0.  0.  0.]
 [ 0.  0.  0.  0.  0.  1.  0.  0.  0.]
 [ 0.  0.  0.  0.  0.  0. -1.  0.  0.]
 [ 0.  0.  0.  0.  0.  1.  0. -1.  0.]
 [ 0.  0. -1.  0.  0.  0. -1. -1.  0.]
 [ 0.  0.  0.  0.  1.  1.  0.  0.  0.]
 [ 0.  0.  0.  1.  0.  0.  0.  1.  0.]
 [ 0.  0.  0.  0.  0.  0.  0.  0.  0.]]","[0.0, 0.0, 0.0, 0.0, 0.0, 0.0, 0.0, 0.0, 0.0, 0.0, 0.0, 0.0, 0.0, 0.0, 0.0, 0.0, 0.0, 0.0, 0.0, 0.0, 0.0, 0.0, 0.0, 0.0, 0.0, 0.0, 0.0, 0.0, 0.0, 0.0, 0.0, 0.0, 0.0, 0.0, 0.0, 0.0, 0.0, 0.0, 0.0, 0.0, 0.0, 0.0, 0.0, 0.0, 0.0, 0.0, 0.0, 0.0, 0.0, 0.0, 0.0, 0.0, 0.0, 0.0, 0.0, 0.0, 0.0, 0.0, 0.0, 0.0, 0.0, 0.0, 0.0, 0.0, 1.0, 0.0, 0.0, 0.0, 0.0, 0.0, 0.0, 0.0, 0.0, 0.0, 0.0, 0.0, 0.0, 0.0, 0.0, 0.0, 0.0]"
"[[ 0.  0.  0.  0.  0.  0.  0.  0.  0.]
 [ 0.  0.  0.  0.  0.  0.  0.  1.  0.]
 [ 0.  0.  0.  0.  0.  1.  0.  0.  0.]
 [ 0.  0.  0.  0.  0.  0. -1.  0.  0.]
 [ 0.  0.  0.  0.  0.  1.  0. -1.  0.]
 [ 0.  0. -1.  0.  0.  0. -1. -1.  0.]
 [ 0.  0.  0.  0.  1.  1.  0.  0.  0.]
 [ 0. -1.  0.  1.  0.  0.  0.  1.  0.]
 [ 0.  0.  0.  0.  0.  0.  0.  0.  0.]]",1.0,"[[ 0.  0.  0.  0.  0.  0.  0.  0.  0.]
 [ 0.  0.  0.  0.  0.  0.  0.  0.  0.]
 [ 0.  0.  0.  0.  0.  1.  0.  0.  0.]
 [ 0.  0.  0.  0.  0.  0. -1.  0.  0.]
 [ 0.  0.  0.  0.  0.  1.  0. -1.  0.]
 [ 0.  0. -1.  0.  0.  0. -1. -1.  0.]
 [ 0.  0.  0.  0.  1.  1.  0.  0.  0.]
 [ 0. -1.  0.  1.  0.  0.  0.  1.  0.]
 [ 0.  0.  0.  0.  0.  0.  0.  0.  0.]]","[7.445620940050319e-119, 7.445620940050319e-119, 7.445620940050319e-119, 7.445620940050319e-119, 7.445620940050319e-119, 7.445620940050319e-119, 7.445620940050319e-119, 7.445620940050319e-119, 7.445620940050319e-119, 7.070450560725609e-99, 9.710436457780846e-67, 1.0768281882584307e-106, 1.2619502849247644e-90, 3.2940424157003086e-113, 9.819402048736065e-110, 2.1705220113036395e-29, 1.0, 2.927122496515368e-106, 7.445620940050319e-119, 7.445620940050319e-119, 7.445620940050319e-119, 7.445620940050319e-119, 7.445620940050319e-119, 7.445620940050319e-119, 7.445620940050319e-119, 7.445620940050319e-119, 7.445620940050319e-119, 7.445620940050319e-119, 7.445620940050319e-119, 7.445620940050319e-119, 7.445620940050319e-119, 7.445620940050319e-119, 7.445620940050319e-119, 7.445620940050319e-119, 7.445620940050319e-119, 7.445620940050319e-119, 7.445620940050319e-119, 7.445620940050319e-119, 7.445620940050319e-119, 7.445620940050319e-119, 7.445620940050319e-119, 7.445620940050319e-119, 7.445620940050319e-119, 7.445620940050319e-119, 7.445620940050319e-119, 7.445620940050319e-119, 7.445620940050319e-119, 7.445620940050319e-119, 7.445620940050319e-119, 7.445620940050319e-119, 7.445620940050319e-119, 7.445620940050319e-119, 7.445620940050319e-119, 7.445620940050319e-119, 7.445620940050319e-119, 7.445620940050319e-119, 7.445620940050319e-119, 7.445620940050319e-119, 7.445620940050319e-119, 7.445620940050319e-119, 7.445620940050319e-119, 7.445620940050319e-119, 7.445620940050319e-119, 7.445620940050319e-119, 7.445620940050319e-119, 7.445620940050319e-119, 7.445620940050319e-119, 7.445620940050319e-119, 7.445620940050319e-119, 7.445620940050319e-119, 7.445620940050319e-119, 7.445620940050319e-119, 7.445620940050319e-119, 7.445620940050319e-119, 7.445620940050319e-119, 7.445620940050319e-119, 7.445620940050319e-119, 7.445620940050319e-119, 7.445620940050319e-119, 7.445620940050319e-119, 7.445620940050319e-119]"
"[[ 0.  0.  0.  0.  0.  0.  0.  0.  0.]
 [ 0.  0.  0.  0.  0.  0.  0.  1.  0.]
 [ 0.  0.  0.  0.  0.  1.  0.  0.  0.]
 [ 0.  0.  0.  0.  0.  0. -1.  0.  0.]
 [ 0.  0.  0.  0.  0.  1.  0. -1.  0.]
 [ 0.  0. -1.  0.  0.  0. -1. -1.  0.]
 [ 0.  0.  0.  0.  1.  1.  0.  0.  0.]
 [ 0. -1.  0.  1. -1.  0.  0.  1.  0.]
 [ 0.  0.  0.  0.  0.  0.  0.  0.  0.]]",1.0,"[[ 0.  0.  0.  0.  0.  0.  0.  0.  0.]
 [ 0.  0.  0.  0.  0.  0.  0.  1.  0.]
 [ 0.  0.  0.  0.  0.  1.  0.  0.  0.]
 [ 0.  0.  0.  0.  0.  0. -1.  0.  0.]
 [ 0.  0.  0.  0.  0.  1.  0. -1.  0.]
 [ 0.  0. -1.  0.  0.  0. -1. -1.  0.]
 [ 0.  0.  0.  0.  1.  1.  0.  0.  0.]
 [ 0. -1.  0.  1.  0.  0.  0.  1.  0.]
 [ 0.  0.  0.  0.  0.  0.  0.  0.  0.]]","[0.0, 0.0, 0.0, 0.0, 0.0, 0.0, 0.0, 0.0, 0.0, 0.0, 0.0, 0.0, 0.0, 0.0, 0.0, 0.0, 0.0, 0.0, 0.0, 0.0, 0.0, 0.0, 0.0, 0.0, 0.0, 0.0, 0.0, 0.0, 0.0, 0.0, 0.0, 0.0, 0.0, 0.0, 0.0, 0.0, 0.0, 0.0, 0.0, 0.0, 0.0, 0.0, 0.0, 0.0, 0.0, 0.0, 0.0, 0.0, 0.0, 0.0, 0.0, 0.0, 0.0, 0.0, 0.0, 0.0, 0.0, 0.0, 0.0, 0.0, 0.0, 0.0, 0.0, 0.0, 0.0, 0.0, 0.0, 1.0, 0.0, 0.0, 0.0, 0.0, 0.0, 0.0, 0.0, 0.0, 0.0, 0.0, 0.0, 0.0, 0.0]"
"[[ 0.  0.  0.  0.  0.  0.  0.  0.  0.]
 [ 0.  0.  0.  0.  0.  0.  0.  1.  0.]
 [ 0.  0.  0.  0.  0.  1.  0.  0.  0.]
 [ 0.  0.  0.  0.  0.  0. -1.  0.  0.]
 [ 0.  1.  0.  0.  0.  1.  0. -1.  0.]
 [ 0.  0. -1.  0.  0.  0. -1. -1.  0.]
 [ 0.  0.  0.  0.  1.  1.  0.  0.  0.]
 [ 0. -1.  0.  1. -1.  0.  0.  1.  0.]
 [ 0.  0.  0.  0.  0.  0.  0.  0.  0.]]",1.0,"[[ 0.  0.  0.  0.  0.  0.  0.  0.  0.]
 [ 0.  0.  0.  0.  0.  0.  0.  1.  0.]
 [ 0.  0.  0.  0.  0.  1.  0.  0.  0.]
 [ 0.  0.  0.  0.  0.  0. -1.  0.  0.]
 [ 0.  0.  0.  0.  0.  1.  0. -1.  0.]
 [ 0.  0. -1.  0.  0.  0. -1. -1.  0.]
 [ 0.  0.  0.  0.  1.  1.  0.  0.  0.]
 [ 0. -1.  0.  1. -1.  0.  0.  1.  0.]
 [ 0.  0.  0.  0.  0.  0.  0.  0.  0.]]","[3.5346081100426732e-295, 3.5346081100426732e-295, 3.5346081100426732e-295, 3.5346081100426732e-295, 3.5346081100426732e-295, 3.5346081100426732e-295, 3.5346081100426732e-295, 3.5346081100426732e-295, 3.5346081100426732e-295, 3.5346081100426732e-295, 3.5346081100426732e-295, 3.5346081100426732e-295, 3.5346081100426732e-295, 3.5346081100426732e-295, 3.5346081100426732e-295, 3.5346081100426732e-295, 3.5346081100426732e-295, 3.5346081100426732e-295, 3.5346081100426732e-295, 3.5346081100426732e-295, 3.5346081100426732e-295, 3.5346081100426732e-295, 3.5346081100426732e-295, 3.5346081100426732e-295, 3.5346081100426732e-295, 3.5346081100426732e-295, 3.5346081100426732e-295, 3.5346081100426732e-295, 3.5346081100426732e-295, 3.5346081100426732e-295, 3.5346081100426732e-295, 3.5346081100426732e-295, 3.5346081100426732e-295, 3.5346081100426732e-295, 3.5346081100426732e-295, 3.5346081100426732e-295, 5.245823558010209e-293, 1.0, 4.250734855980884e-289, 5.752744056979149e-290, 2.1163162688838255e-290, 3.5346081100426732e-295, 1.0972476659520735e-268, 3.5346081100426732e-295, 6.30864988483559e-287, 3.5346081100426732e-295, 3.5346081100426732e-295, 3.5346081100426732e-295, 3.5346081100426732e-295, 3.5346081100426732e-295, 3.5346081100426732e-295, 3.5346081100426732e-295, 3.5346081100426732e-295, 3.5346081100426732e-295, 3.5346081100426732e-295, 3.5346081100426732e-295, 3.5346081100426732e-295, 3.5346081100426732e-295, 3.5346081100426732e-295, 3.5346081100426732e-295, 3.5346081100426732e-295, 3.5346081100426732e-295, 3.5346081100426732e-295, 3.5346081100426732e-295, 3.5346081100426732e-295, 3.5346081100426732e-295, 3.5346081100426732e-295, 3.5346081100426732e-295, 3.5346081100426732e-295, 3.5346081100426732e-295, 3.5346081100426732e-295, 3.5346081100426732e-295, 3.5346081100426732e-295, 3.5346081100426732e-295, 3.5346081100426732e-295, 3.5346081100426732e-295, 3.5346081100426732e-295, 3.5346081100426732e-295, 3.5346081100426732e-295, 3.5346081100426732e-295, 3.5346081100426732e-295]"
"[[ 0.  0.  0.  0.  0.  0.  0.  0.  0.]
 [ 0.  0.  0.  0.  0.  0.  0.  1. -1.]
 [ 0.  0.  0.  0.  0.  1.  0.  0.  0.]
 [ 0.  0.  0.  0.  0.  0. -1.  0.  0.]
 [ 0.  1.  0.  0.  0.  1.  0. -1.  0.]
 [ 0.  0. -1.  0.  0.  0. -1. -1.  0.]
 [ 0.  0.  0.  0.  1.  1.  0.  0.  0.]
 [ 0. -1.  0.  1. -1.  0.  0.  1.  0.]
 [ 0.  0.  0.  0.  0.  0.  0.  0.  0.]]",1.0,"[[ 0.  0.  0.  0.  0.  0.  0.  0.  0.]
 [ 0.  0.  0.  0.  0.  0.  0.  1.  0.]
 [ 0.  0.  0.  0.  0.  1.  0.  0.  0.]
 [ 0.  0.  0.  0.  0.  0. -1.  0.  0.]
 [ 0.  1.  0.  0.  0.  1.  0. -1.  0.]
 [ 0.  0. -1.  0.  0.  0. -1. -1.  0.]
 [ 0.  0.  0.  0.  1.  1.  0.  0.  0.]
 [ 0. -1.  0.  1. -1.  0.  0.  1.  0.]
 [ 0.  0.  0.  0.  0.  0.  0.  0.  0.]]","[0.0, 0.0, 0.0, 0.0, 0.0, 0.0, 0.0, 0.0, 0.0, 0.0, 0.0, 0.0, 0.0, 0.0, 0.0, 0.0, 0.0, 1.0, 0.0, 0.0, 0.0, 0.0, 0.0, 0.0, 0.0, 0.0, 0.0, 0.0, 0.0, 0.0, 0.0, 0.0, 0.0, 0.0, 0.0, 0.0, 0.0, 0.0, 0.0, 0.0, 0.0, 0.0, 0.0, 0.0, 0.0, 0.0, 0.0, 0.0, 0.0, 0.0, 0.0, 0.0, 0.0, 0.0, 0.0, 0.0, 0.0, 0.0, 0.0, 0.0, 0.0, 0.0, 0.0, 0.0, 0.0, 0.0, 0.0, 0.0, 0.0, 0.0, 0.0, 0.0, 0.0, 0.0, 0.0, 0.0, 0.0, 0.0, 0.0, 0.0, 0.0]"
"[[ 0.  0.  0.  0.  0.  0.  0.  0.  0.]
 [ 0.  0.  0.  0.  0.  0.  0.  1. -1.]
 [ 0.  0.  0.  0.  0.  1.  0.  0.  0.]
 [ 0.  0.  0.  0.  0.  0. -1.  0.  0.]
 [ 0.  1.  0.  0.  0.  1.  0. -1.  0.]
 [ 0.  0. -1.  0.  0.  0. -1. -1.  0.]
 [ 0.  0.  0.  0.  1.  1.  0.  0.  0.]
 [ 0. -1.  0.  1. -1.  0.  0.  1.  0.]
 [ 0.  0.  0.  0.  0.  0.  1.  0.  0.]]",1.0,"[[ 0.  0.  0.  0.  0.  0.  0.  0.  0.]
 [ 0.  0.  0.  0.  0.  0.  0.  1. -1.]
 [ 0.  0.  0.  0.  0.  1.  0.  0.  0.]
 [ 0.  0.  0.  0.  0.  0. -1.  0.  0.]
 [ 0.  1.  0.  0.  0.  1.  0. -1.  0.]
 [ 0.  0. -1.  0.  0.  0. -1. -1.  0.]
 [ 0.  0.  0.  0.  1.  1.  0.  0.  0.]
 [ 0. -1.  0.  1. -1.  0.  0.  1.  0.]
 [ 0.  0.  0.  0.  0.  0.  0.  0.  0.]]","[8.823543768458417e-146, 8.823543768458417e-146, 8.823543768458417e-146, 8.823543768458417e-146, 8.823543768458417e-146, 8.823543768458417e-146, 8.823543768458417e-146, 8.823543768458417e-146, 8.823543768458417e-146, 8.823543768458417e-146, 8.823543768458417e-146, 8.823543768458417e-146, 8.823543768458417e-146, 8.823543768458417e-146, 8.823543768458417e-146, 8.823543768458417e-146, 8.823543768458417e-146, 8.823543768458417e-146, 8.823543768458417e-146, 8.823543768458417e-146, 8.823543768458417e-146, 8.823543768458417e-146, 8.823543768458417e-146, 8.823543768458417e-146, 8.823543768458417e-146, 8.823543768458417e-146, 8.823543768458417e-146, 8.823543768458417e-146, 8.823543768458417e-146, 8.823543768458417e-146, 8.823543768458417e-146, 8.823543768458417e-146, 8.823543768458417e-146, 8.823543768458417e-146, 8.823543768458417e-146, 8.823543768458417e-146, 8.823543768458417e-146, 8.823543768458417e-146, 8.823543768458417e-146, 8.823543768458417e-146, 8.823543768458417e-146, 8.823543768458417e-146, 8.823543768458417e-146, 8.823543768458417e-146, 8.823543768458417e-146, 8.823543768458417e-146, 8.823543768458417e-146, 8.823543768458417e-146, 8.823543768458417e-146, 8.823543768458417e-146, 8.823543768458417e-146, 8.823543768458417e-146, 8.823543768458417e-146, 8.823543768458417e-146, 8.823543768458417e-146, 8.823543768458417e-146, 8.823543768458417e-146, 8.823543768458417e-146, 8.823543768458417e-146, 8.823543768458417e-146, 8.823543768458417e-146, 8.823543768458417e-146, 8.823543768458417e-146, 8.823543768458417e-146, 8.823543768458417e-146, 8.823543768458417e-146, 8.823543768458417e-146, 8.823543768458417e-146, 8.823543768458417e-146, 8.823543768458417e-146, 8.823543768458417e-146, 8.823543768458417e-146, 1.163662835574428e-136, 1.4360740256119015e-140, 3.9036539281428613e-140, 1.8939170208596268e-131, 7.840698510906002e-139, 1.7078639924081707e-91, 1.0, 1.0927656633766312e-73, 4.888792411319657e-111]"
"[[ 0.  0.  0.  0.  0.  0.  0.  0.  0.]
 [ 0.  0.  0.  0.  0.  0.  0.  1. -1.]
 [ 0.  0.  0.  0.  0.  1.  0.  0.  0.]
 [ 0.  0.  0.  0.  0.  0. -1.  0.  0.]
 [ 0.  1.  0.  0.  0.  1.  0. -1.  0.]
 [ 0.  0. -1.  0.  0.  0. -1. -1.  0.]
 [ 0.  0. -1.  0.  1.  1.  0.  0.  0.]
 [ 0. -1.  0.  1. -1.  0.  0.  1.  0.]
 [ 0.  0.  0.  0.  0.  0.  1.  0.  0.]]",1.0,"[[ 0.  0.  0.  0.  0.  0.  0.  0.  0.]
 [ 0.  0.  0.  0.  0.  0.  0.  1. -1.]
 [ 0.  0.  0.  0.  0.  1.  0.  0.  0.]
 [ 0.  0.  0.  0.  0.  0. -1.  0.  0.]
 [ 0.  1.  0.  0.  0.  1.  0. -1.  0.]
 [ 0.  0. -1.  0.  0.  0. -1. -1.  0.]
 [ 0.  0.  0.  0.  1.  1.  0.  0.  0.]
 [ 0. -1.  0.  1. -1.  0.  0.  1.  0.]
 [ 0.  0.  0.  0.  0.  0.  1.  0.  0.]]","[0.0, 0.0, 0.0, 0.0, 0.0, 0.0, 0.0, 0.0, 0.0, 0.0, 0.0, 0.0, 0.0, 0.0, 0.0, 0.0, 0.0, 0.0, 0.0, 0.0, 0.0, 0.0, 0.0, 0.0, 0.0, 0.0, 0.0, 0.0, 0.0, 0.0, 0.0, 0.0, 0.0, 0.0, 0.0, 0.0, 0.0, 0.0, 0.0, 0.0, 0.0, 0.0, 0.0, 0.0, 0.0, 0.0, 0.0, 0.0, 0.0, 0.0, 0.0, 0.0, 0.0, 0.0, 0.0, 0.0, 1.0, 0.0, 0.0, 0.0, 0.0, 0.0, 0.0, 0.0, 0.0, 0.0, 0.0, 0.0, 0.0, 0.0, 0.0, 0.0, 0.0, 0.0, 0.0, 0.0, 0.0, 0.0, 0.0, 0.0, 0.0]"
"[[ 0.  0.  0.  0.  0.  0.  0.  0.  0.]
 [ 0.  0.  0.  0.  0.  0.  0.  1. -1.]
 [ 0.  0.  0.  1.  0.  1.  0.  0.  0.]
 [ 0.  0.  0.  0.  0.  0. -1.  0.  0.]
 [ 0.  1.  0.  0.  0.  1.  0. -1.  0.]
 [ 0.  0. -1.  0.  0.  0. -1. -1.  0.]
 [ 0.  0. -1.  0.  1.  1.  0.  0.  0.]
 [ 0. -1.  0.  1. -1.  0.  0.  1.  0.]
 [ 0.  0.  0.  0.  0.  0.  1.  0.  0.]]",1.0,"[[ 0.  0.  0.  0.  0.  0.  0.  0.  0.]
 [ 0.  0.  0.  0.  0.  0.  0.  1. -1.]
 [ 0.  0.  0.  0.  0.  1.  0.  0.  0.]
 [ 0.  0.  0.  0.  0.  0. -1.  0.  0.]
 [ 0.  1.  0.  0.  0.  1.  0. -1.  0.]
 [ 0.  0. -1.  0.  0.  0. -1. -1.  0.]
 [ 0.  0. -1.  0.  1.  1.  0.  0.  0.]
 [ 0. -1.  0.  1. -1.  0.  0.  1.  0.]
 [ 0.  0.  0.  0.  0.  0.  1.  0.  0.]]","[2.179424455414719e-224, 2.179424455414719e-224, 2.179424455414719e-224, 2.179424455414719e-224, 2.179424455414719e-224, 2.179424455414719e-224, 2.179424455414719e-224, 2.179424455414719e-224, 2.179424455414719e-224, 2.179424455414719e-224, 2.179424455414719e-224, 2.179424455414719e-224, 2.179424455414719e-224, 2.179424455414719e-224, 2.179424455414719e-224, 2.179424455414719e-224, 2.179424455414719e-224, 2.179424455414719e-224, 3.4565965045886174e-209, 5.6257764312397845e-204, 4.677994669831859e-210, 1.0, 8.792425785565214e-222, 2.179424455414719e-224, 1.057380891792158e-215, 1.4151295589086178e-173, 1.1595589470279344e-212, 2.179424455414719e-224, 2.179424455414719e-224, 2.179424455414719e-224, 2.179424455414719e-224, 2.179424455414719e-224, 2.179424455414719e-224, 2.179424455414719e-224, 2.179424455414719e-224, 2.179424455414719e-224, 2.179424455414719e-224, 2.179424455414719e-224, 2.179424455414719e-224, 2.179424455414719e-224, 2.179424455414719e-224, 2.179424455414719e-224, 2.179424455414719e-224, 2.179424455414719e-224, 2.179424455414719e-224, 2.179424455414719e-224, 2.179424455414719e-224, 2.179424455414719e-224, 2.179424455414719e-224, 2.179424455414719e-224, 2.179424455414719e-224, 2.179424455414719e-224, 2.179424455414719e-224, 2.179424455414719e-224, 2.179424455414719e-224, 2.179424455414719e-224, 2.179424455414719e-224, 2.179424455414719e-224, 2.179424455414719e-224, 2.179424455414719e-224, 2.179424455414719e-224, 2.179424455414719e-224, 2.179424455414719e-224, 2.179424455414719e-224, 2.179424455414719e-224, 2.179424455414719e-224, 2.179424455414719e-224, 2.179424455414719e-224, 2.179424455414719e-224, 2.179424455414719e-224, 2.179424455414719e-224, 2.179424455414719e-224, 2.179424455414719e-224, 2.179424455414719e-224, 2.179424455414719e-224, 2.179424455414719e-224, 2.179424455414719e-224, 2.179424455414719e-224, 2.179424455414719e-224, 2.179424455414719e-224, 2.179424455414719e-224]"
"[[ 0.  0.  0.  0.  0.  0.  0.  0.  0.]
 [ 0.  0.  0.  0.  0.  0.  0.  1. -1.]
 [ 0.  0.  0.  1.  0.  1.  0.  0.  0.]
 [ 0.  0.  0. -1.  0.  0. -1.  0.  0.]
 [ 0.  1.  0.  0.  0.  1.  0. -1.  0.]
 [ 0.  0. -1.  0.  0.  0. -1. -1.  0.]
 [ 0.  0. -1.  0.  1.  1.  0.  0.  0.]
 [ 0. -1.  0.  1. -1.  0.  0.  1.  0.]
 [ 0.  0.  0.  0.  0.  0.  1.  0.  0.]]",1.0,"[[ 0.  0.  0.  0.  0.  0.  0.  0.  0.]
 [ 0.  0.  0.  0.  0.  0.  0.  1. -1.]
 [ 0.  0.  0.  1.  0.  1.  0.  0.  0.]
 [ 0.  0.  0.  0.  0.  0. -1.  0.  0.]
 [ 0.  1.  0.  0.  0.  1.  0. -1.  0.]
 [ 0.  0. -1.  0.  0.  0. -1. -1.  0.]
 [ 0.  0. -1.  0.  1.  1.  0.  0.  0.]
 [ 0. -1.  0.  1. -1.  0.  0.  1.  0.]
 [ 0.  0.  0.  0.  0.  0.  1.  0.  0.]]","[0.0, 0.0, 0.0, 0.0, 0.0, 0.0, 0.0, 0.0, 0.0, 0.0, 0.0, 0.0, 0.0, 0.0, 0.0, 0.0, 0.0, 0.0, 0.0, 0.0, 0.0, 0.0, 0.0, 0.0, 0.0, 0.0, 0.0, 0.0, 0.0, 0.0, 1.0, 0.0, 0.0, 0.0, 0.0, 0.0, 0.0, 0.0, 0.0, 0.0, 0.0, 0.0, 0.0, 0.0, 0.0, 0.0, 0.0, 0.0, 0.0, 0.0, 0.0, 0.0, 0.0, 0.0, 0.0, 0.0, 0.0, 0.0, 0.0, 0.0, 0.0, 0.0, 0.0, 0.0, 0.0, 0.0, 0.0, 0.0, 0.0, 0.0, 0.0, 0.0, 0.0, 0.0, 0.0, 0.0, 0.0, 0.0, 0.0, 0.0, 0.0]"
"[[ 0.  0.  0.  0.  0.  0.  0.  0.  0.]
 [ 0.  0.  0.  0.  0.  0.  0.  1. -1.]
 [ 0.  0.  0.  1.  0.  1.  0.  0.  0.]
 [ 1.  0.  0. -1.  0.  0. -1.  0.  0.]
 [ 0.  1.  0.  0.  0.  1.  0. -1.  0.]
 [ 0.  0. -1.  0.  0.  0. -1. -1.  0.]
 [ 0.  0. -1.  0.  1.  1.  0.  0.  0.]
 [ 0. -1.  0.  1. -1.  0.  0.  1.  0.]
 [ 0.  0.  0.  0.  0.  0.  1.  0.  0.]]",1.0,"[[ 0.  0.  0.  0.  0.  0.  0.  0.  0.]
 [ 0.  0.  0.  0.  0.  0.  0.  1. -1.]
 [ 0.  0.  0.  1.  0.  1.  0.  0.  0.]
 [ 0.  0.  0. -1.  0.  0. -1.  0.  0.]
 [ 0.  1.  0.  0.  0.  1.  0. -1.  0.]
 [ 0.  0. -1.  0.  0.  0. -1. -1.  0.]
 [ 0.  0. -1.  0.  1.  1.  0.  0.  0.]
 [ 0. -1.  0.  1. -1.  0.  0.  1.  0.]
 [ 0.  0.  0.  0.  0.  0.  1.  0.  0.]]","[1.8390760887367006e-197, 1.8390760887367006e-197, 1.8390760887367006e-197, 1.8390760887367006e-197, 1.8390760887367006e-197, 1.8390760887367006e-197, 1.8390760887367006e-197, 1.8390760887367006e-197, 1.8390760887367006e-197, 1.8390760887367006e-197, 1.8390760887367006e-197, 1.8390760887367006e-197, 1.8390760887367006e-197, 1.8390760887367006e-197, 1.8390760887367006e-197, 1.8390760887367006e-197, 1.8390760887367006e-197, 1.8390760887367006e-197, 1.8390760887367006e-197, 1.8390760887367006e-197, 1.8390760887367006e-197, 1.8390760887367006e-197, 1.8390760887367006e-197, 1.8390760887367006e-197, 1.8390760887367006e-197, 1.8390760887367006e-197, 1.8390760887367006e-197, 1.0, 1.4902187896230561e-193, 2.7294309215942424e-195, 1.8390760887367006e-197, 1.0493479039958717e-96, 6.011971683378335e-191, 1.8390760887367006e-197, 1.8662951286209762e-164, 4.050834656260586e-193, 1.8390760887367006e-197, 1.8390760887367006e-197, 1.8390760887367006e-197, 1.8390760887367006e-197, 1.8390760887367006e-197, 1.8390760887367006e-197, 1.8390760887367006e-197, 1.8390760887367006e-197, 1.8390760887367006e-197, 1.8390760887367006e-197, 1.8390760887367006e-197, 1.8390760887367006e-197, 1.8390760887367006e-197, 1.8390760887367006e-197, 1.8390760887367006e-197, 1.8390760887367006e-197, 1.8390760887367006e-197, 1.8390760887367006e-197, 1.8390760887367006e-197, 1.8390760887367006e-197, 1.8390760887367006e-197, 1.8390760887367006e-197, 1.8390760887367006e-197, 1.8390760887367006e-197, 1.8390760887367006e-197, 1.8390760887367006e-197, 1.8390760887367006e-197, 1.8390760887367006e-197, 1.8390760887367006e-197, 1.8390760887367006e-197, 1.8390760887367006e-197, 1.8390760887367006e-197, 1.8390760887367006e-197, 1.8390760887367006e-197, 1.8390760887367006e-197, 1.8390760887367006e-197, 1.8390760887367006e-197, 1.8390760887367006e-197, 1.8390760887367006e-197, 1.8390760887367006e-197, 1.8390760887367006e-197, 1.8390760887367006e-197, 1.8390760887367006e-197, 1.8390760887367006e-197, 1.8390760887367006e-197]"
"[[ 0.  0.  0. -1.  0.  0.  0.  0.  0.]
 [ 0.  0.  0.  0.  0.  0.  0.  1. -1.]
 [ 0.  0.  0.  1.  0.  1.  0.  0.  0.]
 [ 1.  0.  0. -1.  0.  0. -1.  0.  0.]
 [ 0.  1.  0.  0.  0.  1.  0. -1.  0.]
 [ 0.  0. -1.  0.  0.  0. -1. -1.  0.]
 [ 0.  0. -1.  0.  1.  1.  0.  0.  0.]
 [ 0. -1.  0.  1. -1.  0.  0.  1.  0.]
 [ 0.  0.  0.  0.  0.  0.  1.  0.  0.]]",1.0,"[[ 0.  0.  0.  0.  0.  0.  0.  0.  0.]
 [ 0.  0.  0.  0.  0.  0.  0.  1. -1.]
 [ 0.  0.  0.  1.  0.  1.  0.  0.  0.]
 [ 1.  0.  0. -1.  0.  0. -1.  0.  0.]
 [ 0.  1.  0.  0.  0.  1.  0. -1.  0.]
 [ 0.  0. -1.  0.  0.  0. -1. -1.  0.]
 [ 0.  0. -1.  0.  1.  1.  0.  0.  0.]
 [ 0. -1.  0.  1. -1.  0.  0.  1.  0.]
 [ 0.  0.  0.  0.  0.  0.  1.  0.  0.]]","[0.0, 0.0, 0.0, 1.0, 0.0, 0.0, 0.0, 0.0, 0.0, 0.0, 0.0, 0.0, 0.0, 0.0, 0.0, 0.0, 0.0, 0.0, 0.0, 0.0, 0.0, 0.0, 0.0, 0.0, 0.0, 0.0, 0.0, 0.0, 0.0, 0.0, 0.0, 0.0, 0.0, 0.0, 0.0, 0.0, 0.0, 0.0, 0.0, 0.0, 0.0, 0.0, 0.0, 0.0, 0.0, 0.0, 0.0, 0.0, 0.0, 0.0, 0.0, 0.0, 0.0, 0.0, 0.0, 0.0, 0.0, 0.0, 0.0, 0.0, 0.0, 0.0, 0.0, 0.0, 0.0, 0.0, 0.0, 0.0, 0.0, 0.0, 0.0, 0.0, 0.0, 0.0, 0.0, 0.0, 0.0, 0.0, 0.0, 0.0, 0.0]"
"[[ 0.  0.  0. -1.  0.  0.  0.  0.  0.]
 [ 0.  0.  0.  0.  0.  0.  0.  1. -1.]
 [ 0.  0.  0.  1.  0.  1.  0.  0.  0.]
 [ 1.  1.  0. -1.  0.  0. -1.  0.  0.]
 [ 0.  1.  0.  0.  0.  1.  0. -1.  0.]
 [ 0.  0. -1.  0.  0.  0. -1. -1.  0.]
 [ 0.  0. -1.  0.  1.  1.  0.  0.  0.]
 [ 0. -1.  0.  1. -1.  0.  0.  1.  0.]
 [ 0.  0.  0.  0.  0.  0.  1.  0.  0.]]",1.0,"[[ 0.  0.  0. -1.  0.  0.  0.  0.  0.]
 [ 0.  0.  0.  0.  0.  0.  0.  1. -1.]
 [ 0.  0.  0.  1.  0.  1.  0.  0.  0.]
 [ 1.  0.  0. -1.  0.  0. -1.  0.  0.]
 [ 0.  1.  0.  0.  0.  1.  0. -1.  0.]
 [ 0.  0. -1.  0.  0.  0. -1. -1.  0.]
 [ 0.  0. -1.  0.  1.  1.  0.  0.  0.]
 [ 0. -1.  0.  1. -1.  0.  0.  1.  0.]
 [ 0.  0.  0.  0.  0.  0.  1.  0.  0.]]","[1.6342233380137666e-190, 1.6342233380137666e-190, 1.6342233380137666e-190, 1.6342233380137666e-190, 1.6342233380137666e-190, 1.6342233380137666e-190, 1.6342233380137666e-190, 1.6342233380137666e-190, 1.6342233380137666e-190, 1.6342233380137666e-190, 1.6342233380137666e-190, 1.6342233380137666e-190, 1.6342233380137666e-190, 1.6342233380137666e-190, 1.6342233380137666e-190, 1.6342233380137666e-190, 1.6342233380137666e-190, 1.6342233380137666e-190, 1.6342233380137666e-190, 1.6342233380137666e-190, 1.6342233380137666e-190, 1.6342233380137666e-190, 1.6342233380137666e-190, 1.6342233380137666e-190, 1.6342233380137666e-190, 1.6342233380137666e-190, 1.6342233380137666e-190, 1.6342233380137666e-190, 1.0, 1.7921435007435354e-187, 1.6342233380137666e-190, 3.5996164455835086e-186, 5.645687070125779e-128, 1.6342233380137666e-190, 2.8108220814391768e-129, 5.0731161346720364e-164, 1.6342233380137666e-190, 1.6342233380137666e-190, 1.6342233380137666e-190, 1.6342233380137666e-190, 1.6342233380137666e-190, 1.6342233380137666e-190, 1.6342233380137666e-190, 1.6342233380137666e-190, 1.6342233380137666e-190, 1.6342233380137666e-190, 1.6342233380137666e-190, 1.6342233380137666e-190, 1.6342233380137666e-190, 1.6342233380137666e-190, 1.6342233380137666e-190, 1.6342233380137666e-190, 1.6342233380137666e-190, 1.6342233380137666e-190, 1.6342233380137666e-190, 1.6342233380137666e-190, 1.6342233380137666e-190, 1.6342233380137666e-190, 1.6342233380137666e-190, 1.6342233380137666e-190, 1.6342233380137666e-190, 1.6342233380137666e-190, 1.6342233380137666e-190, 1.6342233380137666e-190, 1.6342233380137666e-190, 1.6342233380137666e-190, 1.6342233380137666e-190, 1.6342233380137666e-190, 1.6342233380137666e-190, 1.6342233380137666e-190, 1.6342233380137666e-190, 1.6342233380137666e-190, 1.6342233380137666e-190, 1.6342233380137666e-190, 1.6342233380137666e-190, 1.6342233380137666e-190, 1.6342233380137666e-190, 1.6342233380137666e-190, 1.6342233380137666e-190, 1.6342233380137666e-190, 1.6342233380137666e-190]"
"[[ 0.  0.  0. -1.  0.  0.  0.  0.  0.]
 [ 0.  0.  0.  0.  0.  0. -1.  1. -1.]
 [ 0.  0.  0.  1.  0.  1.  0.  0.  0.]
 [ 1.  1.  0. -1.  0.  0. -1.  0.  0.]
 [ 0.  1.  0.  0.  0.  1.  0. -1.  0.]
 [ 0.  0. -1.  0.  0.  0. -1. -1.  0.]
 [ 0.  0. -1.  0.  1.  1.  0.  0.  0.]
 [ 0. -1.  0.  1. -1.  0.  0.  1.  0.]
 [ 0.  0.  0.  0.  0.  0.  1.  0.  0.]]",1.0,"[[ 0.  0.  0. -1.  0.  0.  0.  0.  0.]
 [ 0.  0.  0.  0.  0.  0.  0.  1. -1.]
 [ 0.  0.  0.  1.  0.  1.  0.  0.  0.]
 [ 1.  1.  0. -1.  0.  0. -1.  0.  0.]
 [ 0.  1.  0.  0.  0.  1.  0. -1.  0.]
 [ 0.  0. -1.  0.  0.  0. -1. -1.  0.]
 [ 0.  0. -1.  0.  1.  1.  0.  0.  0.]
 [ 0. -1.  0.  1. -1.  0.  0.  1.  0.]
 [ 0.  0.  0.  0.  0.  0.  1.  0.  0.]]","[0.0, 0.0, 0.0, 0.0, 0.0, 0.0, 0.0, 0.0, 0.0, 0.0, 0.0, 0.0, 0.0, 0.0, 0.0, 1.0, 0.0, 0.0, 0.0, 0.0, 0.0, 0.0, 0.0, 0.0, 0.0, 0.0, 0.0, 0.0, 0.0, 0.0, 0.0, 0.0, 0.0, 0.0, 0.0, 0.0, 0.0, 0.0, 0.0, 0.0, 0.0, 0.0, 0.0, 0.0, 0.0, 0.0, 0.0, 0.0, 0.0, 0.0, 0.0, 0.0, 0.0, 0.0, 0.0, 0.0, 0.0, 0.0, 0.0, 0.0, 0.0, 0.0, 0.0, 0.0, 0.0, 0.0, 0.0, 0.0, 0.0, 0.0, 0.0, 0.0, 0.0, 0.0, 0.0, 0.0, 0.0, 0.0, 0.0, 0.0, 0.0]"
"[[ 0.  0.  0. -1.  0.  0.  0.  0.  0.]
 [ 0.  0.  0.  0.  0.  0. -1.  1. -1.]
 [ 0.  0.  0.  1.  0.  1.  0.  0.  0.]
 [ 1.  1.  0. -1.  0.  0. -1.  0.  0.]
 [ 0.  1.  0.  0.  0.  1.  0. -1.  0.]
 [ 0.  0. -1.  0.  0.  0. -1. -1.  0.]
 [ 0.  0. -1.  1.  1.  1.  0.  0.  0.]
 [ 0. -1.  0.  1. -1.  0.  0.  1.  0.]
 [ 0.  0.  0.  0.  0.  0.  1.  0.  0.]]",1.0,"[[ 0.  0.  0. -1.  0.  0.  0.  0.  0.]
 [ 0.  0.  0.  0.  0.  0. -1.  1. -1.]
 [ 0.  0.  0.  1.  0.  1.  0.  0.  0.]
 [ 1.  1.  0. -1.  0.  0. -1.  0.  0.]
 [ 0.  1.  0.  0.  0.  1.  0. -1.  0.]
 [ 0.  0. -1.  0.  0.  0. -1. -1.  0.]
 [ 0.  0. -1.  0.  1.  1.  0.  0.  0.]
 [ 0. -1.  0.  1. -1.  0.  0.  1.  0.]
 [ 0.  0.  0.  0.  0.  0.  1.  0.  0.]]","[2.329036404514219e-211, 2.329036404514219e-211, 2.329036404514219e-211, 2.329036404514219e-211, 2.329036404514219e-211, 2.329036404514219e-211, 2.329036404514219e-211, 2.329036404514219e-211, 2.329036404514219e-211, 2.329036404514219e-211, 2.329036404514219e-211, 2.329036404514219e-211, 2.329036404514219e-211, 2.329036404514219e-211, 2.329036404514219e-211, 2.329036404514219e-211, 2.329036404514219e-211, 2.329036404514219e-211, 2.329036404514219e-211, 2.329036404514219e-211, 2.329036404514219e-211, 2.329036404514219e-211, 2.329036404514219e-211, 2.329036404514219e-211, 2.329036404514219e-211, 2.329036404514219e-211, 2.329036404514219e-211, 2.329036404514219e-211, 2.329036404514219e-211, 2.329036404514219e-211, 2.329036404514219e-211, 2.329036404514219e-211, 2.329036404514219e-211, 2.329036404514219e-211, 2.329036404514219e-211, 2.329036404514219e-211, 2.329036404514219e-211, 2.329036404514219e-211, 2.329036404514219e-211, 2.329036404514219e-211, 2.329036404514219e-211, 2.329036404514219e-211, 2.329036404514219e-211, 2.329036404514219e-211, 2.329036404514219e-211, 2.329036404514219e-211, 2.329036404514219e-211, 2.329036404514219e-211, 2.329036404514219e-211, 2.329036404514219e-211, 2.329036404514219e-211, 2.329036404514219e-211, 2.329036404514219e-211, 2.329036404514219e-211, 1.8872377456157127e-207, 1.4902187896230561e-193, 2.329036404514219e-211, 1.0, 2.329036404514219e-211, 2.329036404514219e-211, 8.349392525651157e-202, 2.337279285007143e-135, 7.928682851306888e-182, 2.329036404514219e-211, 2.329036404514219e-211, 2.329036404514219e-211, 2.329036404514219e-211, 2.329036404514219e-211, 2.329036404514219e-211, 2.329036404514219e-211, 2.329036404514219e-211, 2.329036404514219e-211, 2.329036404514219e-211, 2.329036404514219e-211, 2.329036404514219e-211, 2.329036404514219e-211, 2.329036404514219e-211, 2.329036404514219e-211, 2.329036404514219e-211, 2.329036404514219e-211, 2.329036404514219e-211]"
"[[ 0.  0.  0. -1.  0.  0.  0.  0.  0.]
 [ 0.  0.  0.  0.  0.  0. -1.  1. -1.]
 [ 0.  0.  0.  1.  0.  1.  0.  0.  0.]
 [ 1.  1. -1. -1.  0.  0. -1.  0.  0.]
 [ 0.  1.  0.  0.  0.  1.  0. -1.  0.]
 [ 0.  0. -1.  0.  0.  0. -1. -1.  0.]
 [ 0.  0. -1.  1.  1.  1.  0.  0.  0.]
 [ 0. -1.  0.  1. -1.  0.  0.  1.  0.]
 [ 0.  0.  0.  0.  0.  0.  1.  0.  0.]]",1.0,"[[ 0.  0.  0. -1.  0.  0.  0.  0.  0.]
 [ 0.  0.  0.  0.  0.  0. -1.  1. -1.]
 [ 0.  0.  0.  1.  0.  1.  0.  0.  0.]
 [ 1.  1.  0. -1.  0.  0. -1.  0.  0.]
 [ 0.  1.  0.  0.  0.  1.  0. -1.  0.]
 [ 0.  0. -1.  0.  0.  0. -1. -1.  0.]
 [ 0.  0. -1.  1.  1.  1.  0.  0.  0.]
 [ 0. -1.  0.  1. -1.  0.  0.  1.  0.]
 [ 0.  0.  0.  0.  0.  0.  1.  0.  0.]]","[0.0, 0.0, 0.0, 0.0, 0.0, 0.0, 0.0, 0.0, 0.0, 0.0, 0.0, 0.0, 0.0, 0.0, 0.0, 0.0, 0.0, 0.0, 0.0, 0.0, 0.0, 0.0, 0.0, 0.0, 0.0, 0.0, 0.0, 0.0, 0.0, 1.0, 0.0, 0.0, 0.0, 0.0, 0.0, 0.0, 0.0, 0.0, 0.0, 0.0, 0.0, 0.0, 0.0, 0.0, 0.0, 0.0, 0.0, 0.0, 0.0, 0.0, 0.0, 0.0, 0.0, 0.0, 0.0, 0.0, 0.0, 0.0, 0.0, 0.0, 0.0, 0.0, 0.0, 0.0, 0.0, 0.0, 0.0, 0.0, 0.0, 0.0, 0.0, 0.0, 0.0, 0.0, 0.0, 0.0, 0.0, 0.0, 0.0, 0.0, 0.0]"
"[[ 0.  0.  0. -1.  0.  0.  0.  0.  0.]
 [ 0.  0.  0.  0.  0.  0. -1.  1. -1.]
 [ 0.  1.  0.  1.  0.  1.  0.  0.  0.]
 [ 1.  1. -1. -1.  0.  0. -1.  0.  0.]
 [ 0.  1.  0.  0.  0.  1.  0. -1.  0.]
 [ 0.  0. -1.  0.  0.  0. -1. -1.  0.]
 [ 0.  0. -1.  1.  1.  1.  0.  0.  0.]
 [ 0. -1.  0.  1. -1.  0.  0.  1.  0.]
 [ 0.  0.  0.  0.  0.  0.  1.  0.  0.]]",1.0,"[[ 0.  0.  0. -1.  0.  0.  0.  0.  0.]
 [ 0.  0.  0.  0.  0.  0. -1.  1. -1.]
 [ 0.  0.  0.  1.  0.  1.  0.  0.  0.]
 [ 1.  1. -1. -1.  0.  0. -1.  0.  0.]
 [ 0.  1.  0.  0.  0.  1.  0. -1.  0.]
 [ 0.  0. -1.  0.  0.  0. -1. -1.  0.]
 [ 0.  0. -1.  1.  1.  1.  0.  0.  0.]
 [ 0. -1.  0.  1. -1.  0.  0.  1.  0.]
 [ 0.  0.  0.  0.  0.  0.  1.  0.  0.]]","[4.426613020377647e-266, 4.426613020377647e-266, 4.426613020377647e-266, 4.426613020377647e-266, 4.426613020377647e-266, 4.426613020377647e-266, 4.426613020377647e-266, 4.426613020377647e-266, 4.426613020377647e-266, 4.426613020377647e-266, 4.426613020377647e-266, 4.426613020377647e-266, 4.426613020377647e-266, 4.426613020377647e-266, 4.426613020377647e-266, 4.426613020377647e-266, 4.426613020377647e-266, 4.426613020377647e-266, 1.785823150070186e-263, 1.0, 5.3234637826457406e-260, 4.426613020377647e-266, 3.406183664368772e-242, 4.426613020377647e-266, 3.270849193582728e-265, 4.730488752451095e-253, 1.8122540257939923e-230, 4.426613020377647e-266, 4.426613020377647e-266, 4.426613020377647e-266, 4.426613020377647e-266, 4.426613020377647e-266, 4.426613020377647e-266, 4.426613020377647e-266, 4.426613020377647e-266, 4.426613020377647e-266, 4.426613020377647e-266, 4.426613020377647e-266, 4.426613020377647e-266, 4.426613020377647e-266, 4.426613020377647e-266, 4.426613020377647e-266, 4.426613020377647e-266, 4.426613020377647e-266, 4.426613020377647e-266, 4.426613020377647e-266, 4.426613020377647e-266, 4.426613020377647e-266, 4.426613020377647e-266, 4.426613020377647e-266, 4.426613020377647e-266, 4.426613020377647e-266, 4.426613020377647e-266, 4.426613020377647e-266, 4.426613020377647e-266, 4.426613020377647e-266, 4.426613020377647e-266, 4.426613020377647e-266, 4.426613020377647e-266, 4.426613020377647e-266, 4.426613020377647e-266, 4.426613020377647e-266, 4.426613020377647e-266, 4.426613020377647e-266, 4.426613020377647e-266, 4.426613020377647e-266, 4.426613020377647e-266, 4.426613020377647e-266, 4.426613020377647e-266, 4.426613020377647e-266, 4.426613020377647e-266, 4.426613020377647e-266, 4.426613020377647e-266, 4.426613020377647e-266, 4.426613020377647e-266, 4.426613020377647e-266, 4.426613020377647e-266, 4.426613020377647e-266, 4.426613020377647e-266, 4.426613020377647e-266, 4.426613020377647e-266]"
"[[ 0.  0.  0. -1.  0.  0.  0.  0.  0.]
 [-1.  0.  0.  0.  0.  0. -1.  1. -1.]
 [ 0.  1.  0.  1.  0.  1.  0.  0.  0.]
 [ 1.  1. -1. -1.  0.  0. -1.  0.  0.]
 [ 0.  1.  0.  0.  0.  1.  0. -1.  0.]
 [ 0.  0. -1.  0.  0.  0. -1. -1.  0.]
 [ 0.  0. -1.  1.  1.  1.  0.  0.  0.]
 [ 0. -1.  0.  1. -1.  0.  0.  1.  0.]
 [ 0.  0.  0.  0.  0.  0.  1.  0.  0.]]",1.0,"[[ 0.  0.  0. -1.  0.  0.  0.  0.  0.]
 [ 0.  0.  0.  0.  0.  0. -1.  1. -1.]
 [ 0.  1.  0.  1.  0.  1.  0.  0.  0.]
 [ 1.  1. -1. -1.  0.  0. -1.  0.  0.]
 [ 0.  1.  0.  0.  0.  1.  0. -1.  0.]
 [ 0.  0. -1.  0.  0.  0. -1. -1.  0.]
 [ 0.  0. -1.  1.  1.  1.  0.  0.  0.]
 [ 0. -1.  0.  1. -1.  0.  0.  1.  0.]
 [ 0.  0.  0.  0.  0.  0.  1.  0.  0.]]","[0.0, 0.0, 0.0, 0.0, 0.0, 0.0, 0.0, 0.0, 0.0, 1.0, 0.0, 0.0, 0.0, 0.0, 0.0, 0.0, 0.0, 0.0, 0.0, 0.0, 0.0, 0.0, 0.0, 0.0, 0.0, 0.0, 0.0, 0.0, 0.0, 0.0, 0.0, 0.0, 0.0, 0.0, 0.0, 0.0, 0.0, 0.0, 0.0, 0.0, 0.0, 0.0, 0.0, 0.0, 0.0, 0.0, 0.0, 0.0, 0.0, 0.0, 0.0, 0.0, 0.0, 0.0, 0.0, 0.0, 0.0, 0.0, 0.0, 0.0, 0.0, 0.0, 0.0, 0.0, 0.0, 0.0, 0.0, 0.0, 0.0, 0.0, 0.0, 0.0, 0.0, 0.0, 0.0, 0.0, 0.0, 0.0, 0.0, 0.0, 0.0]"
"[[ 0.  0.  0. -1.  1.  0.  0.  0.  0.]
 [-1.  0.  0.  0.  0.  0. -1.  1. -1.]
 [ 0.  1.  0.  1.  0.  1.  0.  0.  0.]
 [ 1.  1. -1. -1.  0.  0. -1.  0.  0.]
 [ 0.  1.  0.  0.  0.  1.  0. -1.  0.]
 [ 0.  0. -1.  0.  0.  0. -1. -1.  0.]
 [ 0.  0. -1.  1.  1.  1.  0.  0.  0.]
 [ 0. -1.  0.  1. -1.  0.  0.  1.  0.]
 [ 0.  0.  0.  0.  0.  0.  1.  0.  0.]]",1.0,"[[ 0.  0.  0. -1.  0.  0.  0.  0.  0.]
 [-1.  0.  0.  0.  0.  0. -1.  1. -1.]
 [ 0.  1.  0.  1.  0.  1.  0.  0.  0.]
 [ 1.  1. -1. -1.  0.  0. -1.  0.  0.]
 [ 0.  1.  0.  0.  0.  1.  0. -1.  0.]
 [ 0.  0. -1.  0.  0.  0. -1. -1.  0.]
 [ 0.  0. -1.  1.  1.  1.  0.  0.  0.]
 [ 0. -1.  0.  1. -1.  0.  0.  1.  0.]
 [ 0.  0.  0.  0.  0.  0.  1.  0.  0.]]","[1.011788139e-314, 1.216780750623423e-308, 6.8173747e-317, 1.248647e-318, 1.0, 2.7503253126e-314, 2.507972e-317, 2.7503253126e-314, 1.011788139e-314, 1.248647e-318, 1.248647e-318, 1.248647e-318, 1.248647e-318, 1.248647e-318, 1.248647e-318, 1.248647e-318, 1.248647e-318, 1.248647e-318, 1.248647e-318, 1.248647e-318, 1.248647e-318, 1.248647e-318, 1.248647e-318, 1.248647e-318, 1.248647e-318, 1.248647e-318, 1.248647e-318, 1.248647e-318, 1.248647e-318, 1.248647e-318, 1.248647e-318, 1.248647e-318, 1.248647e-318, 1.248647e-318, 1.248647e-318, 1.248647e-318, 1.248647e-318, 1.248647e-318, 1.248647e-318, 1.248647e-318, 1.248647e-318, 1.248647e-318, 1.248647e-318, 1.248647e-318, 1.248647e-318, 1.248647e-318, 1.248647e-318, 1.248647e-318, 1.248647e-318, 1.248647e-318, 1.248647e-318, 1.248647e-318, 1.248647e-318, 1.248647e-318, 1.248647e-318, 1.248647e-318, 1.248647e-318, 1.248647e-318, 1.248647e-318, 1.248647e-318, 1.248647e-318, 1.248647e-318, 1.248647e-318, 1.248647e-318, 1.248647e-318, 1.248647e-318, 1.248647e-318, 1.248647e-318, 1.248647e-318, 1.248647e-318, 1.248647e-318, 1.248647e-318, 1.248647e-318, 1.248647e-318, 1.248647e-318, 1.248647e-318, 1.248647e-318, 1.248647e-318, 1.248647e-318, 1.248647e-318, 1.248647e-318]"
"[[ 0.  0.  0. -1.  1.  0.  0.  0.  0.]
 [-1.  0.  0.  0.  0.  0. -1.  1. -1.]
 [ 0.  1.  0.  1.  0.  1.  0.  0.  0.]
 [ 1.  1. -1. -1.  0.  0. -1.  0.  0.]
 [ 0.  1. -1.  0.  0.  1.  0. -1.  0.]
 [ 0.  0. -1.  0.  0.  0. -1. -1.  0.]
 [ 0.  0. -1.  1.  1.  1.  0.  0.  0.]
 [ 0. -1.  0.  1. -1.  0.  0.  1.  0.]
 [ 0.  0.  0.  0.  0.  0.  1.  0.  0.]]",1.0,"[[ 0.  0.  0. -1.  1.  0.  0.  0.  0.]
 [-1.  0.  0.  0.  0.  0. -1.  1. -1.]
 [ 0.  1.  0.  1.  0.  1.  0.  0.  0.]
 [ 1.  1. -1. -1.  0.  0. -1.  0.  0.]
 [ 0.  1.  0.  0.  0.  1.  0. -1.  0.]
 [ 0.  0. -1.  0.  0.  0. -1. -1.  0.]
 [ 0.  0. -1.  1.  1.  1.  0.  0.  0.]
 [ 0. -1.  0.  1. -1.  0.  0.  1.  0.]
 [ 0.  0.  0.  0.  0.  0.  1.  0.  0.]]","[0.0, 0.0, 0.0, 0.0, 0.0, 0.0, 0.0, 0.0, 0.0, 0.0, 0.0, 0.0, 0.0, 0.0, 0.0, 0.0, 0.0, 0.0, 0.0, 0.0, 0.0, 0.0, 0.0, 0.0, 0.0, 0.0, 0.0, 0.0, 0.0, 0.0, 0.0, 0.0, 0.0, 0.0, 0.0, 0.0, 0.0, 0.0, 1.0, 0.0, 0.0, 0.0, 0.0, 0.0, 0.0, 0.0, 0.0, 0.0, 0.0, 0.0, 0.0, 0.0, 0.0, 0.0, 0.0, 0.0, 0.0, 0.0, 0.0, 0.0, 0.0, 0.0, 0.0, 0.0, 0.0, 0.0, 0.0, 0.0, 0.0, 0.0, 0.0, 0.0, 0.0, 0.0, 0.0, 0.0, 0.0, 0.0, 0.0, 0.0, 0.0]"
"[[ 0.  0.  0. -1.  1.  0.  0.  0.  0.]
 [-1.  0.  0.  0.  0.  0. -1.  1. -1.]
 [ 0.  1.  0.  1.  0.  1.  0.  0.  1.]
 [ 1.  1. -1. -1.  0.  0. -1.  0.  0.]
 [ 0.  1. -1.  0.  0.  1.  0. -1.  0.]
 [ 0.  0. -1.  0.  0.  0. -1. -1.  0.]
 [ 0.  0. -1.  1.  1.  1.  0.  0.  0.]
 [ 0. -1.  0.  1. -1.  0.  0.  1.  0.]
 [ 0.  0.  0.  0.  0.  0.  1.  0.  0.]]",1.0,"[[ 0.  0.  0. -1.  1.  0.  0.  0.  0.]
 [-1.  0.  0.  0.  0.  0. -1.  1. -1.]
 [ 0.  1.  0.  1.  0.  1.  0.  0.  0.]
 [ 1.  1. -1. -1.  0.  0. -1.  0.  0.]
 [ 0.  1. -1.  0.  0.  1.  0. -1.  0.]
 [ 0.  0. -1.  0.  0.  0. -1. -1.  0.]
 [ 0.  0. -1.  1.  1.  1.  0.  0.  0.]
 [ 0. -1.  0.  1. -1.  0.  0.  1.  0.]
 [ 0.  0.  0.  0.  0.  0.  1.  0.  0.]]","[2.4801411660927963e-274, 2.4801411660927963e-274, 2.4801411660927963e-274, 2.4801411660927963e-274, 2.4801411660927963e-274, 2.4801411660927963e-274, 2.4801411660927963e-274, 2.4801411660927963e-274, 2.4801411660927963e-274, 2.4801411660927963e-274, 2.4801411660927963e-274, 2.4801411660927963e-274, 2.4801411660927963e-274, 2.4801411660927963e-274, 2.4801411660927963e-274, 2.4801411660927963e-274, 2.4801411660927963e-274, 2.4801411660927963e-274, 1.000560358328482e-271, 2.4801411660927963e-274, 4.8543706176772776e-263, 2.4801411660927963e-274, 6.569676224788449e-264, 2.4801411660927963e-274, 6.741722663803275e-274, 2.9495302596635135e-225, 1.0, 2.4801411660927963e-274, 2.4801411660927963e-274, 2.4801411660927963e-274, 2.4801411660927963e-274, 2.4801411660927963e-274, 2.4801411660927963e-274, 2.4801411660927963e-274, 2.4801411660927963e-274, 2.4801411660927963e-274, 2.4801411660927963e-274, 2.4801411660927963e-274, 2.4801411660927963e-274, 2.4801411660927963e-274, 2.4801411660927963e-274, 2.4801411660927963e-274, 2.4801411660927963e-274, 2.4801411660927963e-274, 2.4801411660927963e-274, 2.4801411660927963e-274, 2.4801411660927963e-274, 2.4801411660927963e-274, 2.4801411660927963e-274, 2.4801411660927963e-274, 2.4801411660927963e-274, 2.4801411660927963e-274, 2.4801411660927963e-274, 2.4801411660927963e-274, 2.4801411660927963e-274, 2.4801411660927963e-274, 2.4801411660927963e-274, 2.4801411660927963e-274, 2.4801411660927963e-274, 2.4801411660927963e-274, 2.4801411660927963e-274, 2.4801411660927963e-274, 2.4801411660927963e-274, 2.4801411660927963e-274, 2.4801411660927963e-274, 2.4801411660927963e-274, 2.4801411660927963e-274, 2.4801411660927963e-274, 2.4801411660927963e-274, 2.4801411660927963e-274, 2.4801411660927963e-274, 2.4801411660927963e-274, 2.4801411660927963e-274, 2.4801411660927963e-274, 2.4801411660927963e-274, 2.4801411660927963e-274, 2.4801411660927963e-274, 2.4801411660927963e-274, 2.4801411660927963e-274, 2.4801411660927963e-274, 2.4801411660927963e-274]"
"[[ 0.  0.  0. -1.  1.  0.  0.  0.  0.]
 [-1.  0.  0.  0.  0.  0. -1.  1. -1.]
 [ 0.  1.  0.  1.  0.  1.  0.  0.  1.]
 [ 1.  1. -1. -1.  0.  0. -1.  0.  0.]
 [ 0.  1. -1.  0.  0.  1.  0. -1.  0.]
 [ 0.  0. -1.  0.  0.  0. -1. -1.  0.]
 [ 0.  0. -1.  1.  1.  1.  0.  0.  0.]
 [ 0. -1.  0.  1. -1.  0.  0.  1.  0.]
 [ 0. -1.  0.  0.  0.  0.  1.  0.  0.]]",1.0,"[[ 0.  0.  0. -1.  1.  0.  0.  0.  0.]
 [-1.  0.  0.  0.  0.  0. -1.  1. -1.]
 [ 0.  1.  0.  1.  0.  1.  0.  0.  1.]
 [ 1.  1. -1. -1.  0.  0. -1.  0.  0.]
 [ 0.  1. -1.  0.  0.  1.  0. -1.  0.]
 [ 0.  0. -1.  0.  0.  0. -1. -1.  0.]
 [ 0.  0. -1.  1.  1.  1.  0.  0.  0.]
 [ 0. -1.  0.  1. -1.  0.  0.  1.  0.]
 [ 0.  0.  0.  0.  0.  0.  1.  0.  0.]]","[0.0, 0.0, 0.0, 0.0, 0.0, 0.0, 0.0, 0.0, 0.0, 0.0, 0.0, 0.0, 0.0, 0.0, 0.0, 0.0, 0.0, 0.0, 0.0, 0.0, 0.0, 0.0, 0.0, 0.0, 0.0, 0.0, 0.0, 0.0, 0.0, 0.0, 0.0, 0.0, 0.0, 0.0, 0.0, 0.0, 0.0, 0.0, 0.0, 0.0, 0.0, 0.0, 0.0, 0.0, 0.0, 0.0, 0.0, 0.0, 0.0, 0.0, 0.0, 0.0, 0.0, 0.0, 0.0, 0.0, 0.0, 0.0, 0.0, 0.0, 0.0, 0.0, 0.0, 0.0, 0.0, 0.0, 0.0, 0.0, 0.0, 0.0, 0.0, 0.0, 0.0, 1.0, 0.0, 0.0, 0.0, 0.0, 0.0, 0.0, 0.0]"
"[[ 0.  0.  0. -1.  1.  0.  0.  0.  0.]
 [-1.  0.  1.  0.  0.  0. -1.  1. -1.]
 [ 0.  1.  0.  1.  0.  1.  0.  0.  1.]
 [ 1.  1. -1. -1.  0.  0. -1.  0.  0.]
 [ 0.  1. -1.  0.  0.  1.  0. -1.  0.]
 [ 0.  0. -1.  0.  0.  0. -1. -1.  0.]
 [ 0.  0. -1.  1.  1.  1.  0.  0.  0.]
 [ 0. -1.  0.  1. -1.  0.  0.  1.  0.]
 [ 0. -1.  0.  0.  0.  0.  1.  0.  0.]]",1.0,"[[ 0.  0.  0. -1.  1.  0.  0.  0.  0.]
 [-1.  0.  0.  0.  0.  0. -1.  1. -1.]
 [ 0.  1.  0.  1.  0.  1.  0.  0.  1.]
 [ 1.  1. -1. -1.  0.  0. -1.  0.  0.]
 [ 0.  1. -1.  0.  0.  1.  0. -1.  0.]
 [ 0.  0. -1.  0.  0.  0. -1. -1.  0.]
 [ 0.  0. -1.  1.  1.  1.  0.  0.  0.]
 [ 0. -1.  0.  1. -1.  0.  0.  1.  0.]
 [ 0. -1.  0.  0.  0.  0.  1.  0.  0.]]","[7.785492463390136e-291, 7.785492463390136e-291, 7.785492463390136e-291, 7.785492463390136e-291, 7.785492463390136e-291, 7.785492463390136e-291, 7.785492463390136e-291, 7.785492463390136e-291, 7.785492463390136e-291, 7.785492463390136e-291, 1.0267629961419394e-281, 1.0, 1.2032781734912767e-265, 2.4801411660927963e-274, 2.5450910116073043e-284, 7.785492463390136e-291, 7.785492463390136e-291, 7.785492463390136e-291, 7.785492463390136e-291, 7.785492463390136e-291, 7.785492463390136e-291, 7.785492463390136e-291, 7.785492463390136e-291, 7.785492463390136e-291, 7.785492463390136e-291, 7.785492463390136e-291, 7.785492463390136e-291, 7.785492463390136e-291, 7.785492463390136e-291, 7.785492463390136e-291, 7.785492463390136e-291, 7.785492463390136e-291, 7.785492463390136e-291, 7.785492463390136e-291, 7.785492463390136e-291, 7.785492463390136e-291, 7.785492463390136e-291, 7.785492463390136e-291, 7.785492463390136e-291, 7.785492463390136e-291, 7.785492463390136e-291, 7.785492463390136e-291, 7.785492463390136e-291, 7.785492463390136e-291, 7.785492463390136e-291, 7.785492463390136e-291, 7.785492463390136e-291, 7.785492463390136e-291, 7.785492463390136e-291, 7.785492463390136e-291, 7.785492463390136e-291, 7.785492463390136e-291, 7.785492463390136e-291, 7.785492463390136e-291, 7.785492463390136e-291, 7.785492463390136e-291, 7.785492463390136e-291, 7.785492463390136e-291, 7.785492463390136e-291, 7.785492463390136e-291, 7.785492463390136e-291, 7.785492463390136e-291, 7.785492463390136e-291, 7.785492463390136e-291, 7.785492463390136e-291, 7.785492463390136e-291, 7.785492463390136e-291, 7.785492463390136e-291, 7.785492463390136e-291, 7.785492463390136e-291, 7.785492463390136e-291, 7.785492463390136e-291, 7.785492463390136e-291, 7.785492463390136e-291, 7.785492463390136e-291, 7.785492463390136e-291, 7.785492463390136e-291, 7.785492463390136e-291, 7.785492463390136e-291, 7.785492463390136e-291, 7.785492463390136e-291]"
"[[ 0.  0.  0. -1.  1.  0.  0.  0.  0.]
 [-1.  0.  1.  0.  0.  0. -1.  1. -1.]
 [-1.  1.  0.  1.  0.  1.  0.  0.  1.]
 [ 1.  1. -1. -1.  0.  0. -1.  0.  0.]
 [ 0.  1. -1.  0.  0.  1.  0. -1.  0.]
 [ 0.  0. -1.  0.  0.  0. -1. -1.  0.]
 [ 0.  0. -1.  1.  1.  1.  0.  0.  0.]
 [ 0. -1.  0.  1. -1.  0.  0.  1.  0.]
 [ 0. -1.  0.  0.  0.  0.  1.  0.  0.]]",1.0,"[[ 0.  0.  0. -1.  1.  0.  0.  0.  0.]
 [-1.  0.  1.  0.  0.  0. -1.  1. -1.]
 [ 0.  1.  0.  1.  0.  1.  0.  0.  1.]
 [ 1.  1. -1. -1.  0.  0. -1.  0.  0.]
 [ 0.  1. -1.  0.  0.  1.  0. -1.  0.]
 [ 0.  0. -1.  0.  0.  0. -1. -1.  0.]
 [ 0.  0. -1.  1.  1.  1.  0.  0.  0.]
 [ 0. -1.  0.  1. -1.  0.  0.  1.  0.]
 [ 0. -1.  0.  0.  0.  0.  1.  0.  0.]]","[0.0, 0.0, 0.0, 0.0, 0.0, 0.0, 0.0, 0.0, 0.0, 0.0, 0.0, 0.0, 0.0, 0.0, 0.0, 0.0, 0.0, 0.0, 1.0, 0.0, 0.0, 0.0, 0.0, 0.0, 0.0, 0.0, 0.0, 0.0, 0.0, 0.0, 0.0, 0.0, 0.0, 0.0, 0.0, 0.0, 0.0, 0.0, 0.0, 0.0, 0.0, 0.0, 0.0, 0.0, 0.0, 0.0, 0.0, 0.0, 0.0, 0.0, 0.0, 0.0, 0.0, 0.0, 0.0, 0.0, 0.0, 0.0, 0.0, 0.0, 0.0, 0.0, 0.0, 0.0, 0.0, 0.0, 0.0, 0.0, 0.0, 0.0, 0.0, 0.0, 0.0, 0.0, 0.0, 0.0, 0.0, 0.0, 0.0, 0.0, 0.0]"
"[[ 0.  0.  0. -1.  1.  0.  0.  1.  0.]
 [-1.  0.  1.  0.  0.  0. -1.  1. -1.]
 [-1.  1.  0.  1.  0.  1.  0.  0.  1.]
 [ 1.  1. -1. -1.  0.  0. -1.  0.  0.]
 [ 0.  1. -1.  0.  0.  1.  0. -1.  0.]
 [ 0.  0. -1.  0.  0.  0. -1. -1.  0.]
 [ 0.  0. -1.  1.  1.  1.  0.  0.  0.]
 [ 0. -1.  0.  1. -1.  0.  0.  1.  0.]
 [ 0. -1.  0.  0.  0.  0.  1.  0.  0.]]",1.0,"[[ 0.  0.  0. -1.  1.  0.  0.  0.  0.]
 [-1.  0.  1.  0.  0.  0. -1.  1. -1.]
 [-1.  1.  0.  1.  0.  1.  0.  0.  1.]
 [ 1.  1. -1. -1.  0.  0. -1.  0.  0.]
 [ 0.  1. -1.  0.  0.  1.  0. -1.  0.]
 [ 0.  0. -1.  0.  0.  0. -1. -1.  0.]
 [ 0.  0. -1.  1.  1.  1.  0.  0.  0.]
 [ 0. -1.  0.  1. -1.  0.  0.  1.  0.]
 [ 0. -1.  0.  0.  0.  0.  1.  0.  0.]]","[8.017654507333419e-225, 4.871551112062132e-187, 4.328914158808713e-180, 3.319259031109752e-232, 3.319259031109752e-232, 3.640009514928073e-229, 1.987377856181155e-227, 1.0, 9.894571719847004e-229, 3.319259031109752e-232, 3.319259031109752e-232, 3.319259031109752e-232, 3.319259031109752e-232, 3.319259031109752e-232, 3.319259031109752e-232, 3.319259031109752e-232, 3.319259031109752e-232, 3.319259031109752e-232, 3.319259031109752e-232, 3.319259031109752e-232, 3.319259031109752e-232, 3.319259031109752e-232, 3.319259031109752e-232, 3.319259031109752e-232, 3.319259031109752e-232, 3.319259031109752e-232, 3.319259031109752e-232, 3.319259031109752e-232, 3.319259031109752e-232, 3.319259031109752e-232, 3.319259031109752e-232, 3.319259031109752e-232, 3.319259031109752e-232, 3.319259031109752e-232, 3.319259031109752e-232, 3.319259031109752e-232, 3.319259031109752e-232, 3.319259031109752e-232, 3.319259031109752e-232, 3.319259031109752e-232, 3.319259031109752e-232, 3.319259031109752e-232, 3.319259031109752e-232, 3.319259031109752e-232, 3.319259031109752e-232, 3.319259031109752e-232, 3.319259031109752e-232, 3.319259031109752e-232, 3.319259031109752e-232, 3.319259031109752e-232, 3.319259031109752e-232, 3.319259031109752e-232, 3.319259031109752e-232, 3.319259031109752e-232, 3.319259031109752e-232, 3.319259031109752e-232, 3.319259031109752e-232, 3.319259031109752e-232, 3.319259031109752e-232, 3.319259031109752e-232, 3.319259031109752e-232, 3.319259031109752e-232, 3.319259031109752e-232, 3.319259031109752e-232, 3.319259031109752e-232, 3.319259031109752e-232, 3.319259031109752e-232, 3.319259031109752e-232, 3.319259031109752e-232, 3.319259031109752e-232, 3.319259031109752e-232, 3.319259031109752e-232, 3.319259031109752e-232, 3.319259031109752e-232, 3.319259031109752e-232, 3.319259031109752e-232, 3.319259031109752e-232, 3.319259031109752e-232, 3.319259031109752e-232, 3.319259031109752e-232, 3.319259031109752e-232]"
"[[ 0.  0.  0. -1.  1.  0.  0.  1.  0.]
 [-1.  0.  1.  0.  0.  0. -1.  1. -1.]
 [-1.  1.  0.  1.  0.  1.  0.  0.  1.]
 [ 1.  1. -1. -1.  0.  0. -1.  0.  0.]
 [ 0.  1. -1.  0.  0.  1.  0. -1.  0.]
 [ 0.  0. -1.  0.  0.  0. -1. -1.  0.]
 [ 0.  0. -1.  1.  1.  1.  0.  0.  0.]
 [ 0. -1.  0.  1. -1.  0. -1.  1.  0.]
 [ 0. -1.  0.  0.  0.  0.  1.  0.  0.]]",1.0,"[[ 0.  0.  0. -1.  1.  0.  0.  1.  0.]
 [-1.  0.  1.  0.  0.  0. -1.  1. -1.]
 [-1.  1.  0.  1.  0.  1.  0.  0.  1.]
 [ 1.  1. -1. -1.  0.  0. -1.  0.  0.]
 [ 0.  1. -1.  0.  0.  1.  0. -1.  0.]
 [ 0.  0. -1.  0.  0.  0. -1. -1.  0.]
 [ 0.  0. -1.  1.  1.  1.  0.  0.  0.]
 [ 0. -1.  0.  1. -1.  0.  0.  1.  0.]
 [ 0. -1.  0.  0.  0.  0.  1.  0.  0.]]","[0.0, 0.0, 0.0, 0.0, 0.0, 0.0, 0.0, 0.0, 0.0, 0.0, 0.0, 0.0, 0.0, 0.0, 0.0, 0.0, 0.0, 0.0, 0.0, 0.0, 0.0, 0.0, 0.0, 0.0, 0.0, 0.0, 0.0, 0.0, 0.0, 0.0, 0.0, 0.0, 0.0, 0.0, 0.0, 0.0, 0.0, 0.0, 0.0, 0.0, 0.0, 0.0, 0.0, 0.0, 0.0, 0.0, 0.0, 0.0, 0.0, 0.0, 0.0, 0.0, 0.0, 0.0, 0.0, 0.0, 0.0, 0.0, 0.0, 0.0, 0.0, 0.0, 0.0, 0.0, 0.0, 0.0, 0.0, 0.0, 0.0, 1.0, 0.0, 0.0, 0.0, 0.0, 0.0, 0.0, 0.0, 0.0, 0.0, 0.0, 0.0]"
"[[ 0.  0.  0. -1.  1.  0.  0.  1.  0.]
 [-1.  0.  1.  0.  0.  0. -1.  1. -1.]
 [-1.  1.  0.  1.  0.  1.  0.  0.  1.]
 [ 1.  1. -1. -1.  0.  0. -1.  0.  0.]
 [ 0.  1. -1.  1.  0.  1.  0. -1.  0.]
 [ 0.  0. -1.  0.  0.  0. -1. -1.  0.]
 [ 0.  0. -1.  1.  1.  1.  0.  0.  0.]
 [ 0. -1.  0.  1. -1.  0. -1.  1.  0.]
 [ 0. -1.  0.  0.  0.  0.  1.  0.  0.]]",1.0,"[[ 0.  0.  0. -1.  1.  0.  0.  1.  0.]
 [-1.  0.  1.  0.  0.  0. -1.  1. -1.]
 [-1.  1.  0.  1.  0.  1.  0.  0.  1.]
 [ 1.  1. -1. -1.  0.  0. -1.  0.  0.]
 [ 0.  1. -1.  0.  0.  1.  0. -1.  0.]
 [ 0.  0. -1.  0.  0.  0. -1. -1.  0.]
 [ 0.  0. -1.  1.  1.  1.  0.  0.  0.]
 [ 0. -1.  0.  1. -1.  0. -1.  1.  0.]
 [ 0. -1.  0.  0.  0.  0.  1.  0.  0.]]","[2.5257557983503035e-165, 6.100951197622044e-158, 3.7485539715481897e-163, 2.303191161910391e-168, 2.303191161910391e-168, 9.291736316326398e-166, 1.2574997661299533e-166, 2.303191161910391e-168, 3.7485539715481897e-163, 2.303191161910391e-168, 8.256739583429307e-159, 2.303191161910391e-168, 5.5633473698397695e-161, 1.2574997661299533e-166, 6.865716089780698e-165, 2.303191161910391e-168, 2.303191161910391e-168, 2.303191161910391e-168, 2.303191161910391e-168, 2.303191161910391e-168, 6.260722682888491e-168, 2.303191161910391e-168, 7.529171920409294e-162, 2.303191161910391e-168, 6.260722682888491e-168, 1.3790159402541388e-163, 2.303191161910391e-168, 2.303191161910391e-168, 2.303191161910391e-168, 2.303191161910391e-168, 2.303191161910391e-168, 8.256739583429307e-159, 3.4182387635625514e-166, 2.303191161910391e-168, 2.2444145171954394e-158, 2.7698275585638865e-162, 4.626083112371067e-167, 2.303191161910391e-168, 2.303191161910391e-168, 1.0, 7.529171920409294e-162, 2.303191161910391e-168, 1.7018408701917146e-167, 2.303191161910391e-168, 9.291736316326398e-166, 1.5122746060840868e-160, 1.0189626143857429e-162, 2.303191161910391e-168, 6.100951197622044e-158, 1.2574997661299533e-166, 2.7698275585638865e-162, 2.303191161910391e-168, 2.303191161910391e-168, 1.2574997661299533e-166, 2.303191161910391e-168, 2.303191161910391e-168, 2.303191161910391e-168, 2.303191161910391e-168, 2.303191161910391e-168, 2.303191161910391e-168, 2.303191161910391e-168, 2.303191161910391e-168, 2.303191161910391e-168, 3.4182387635625514e-166, 2.303191161910391e-168, 6.865716089780698e-165, 2.303191161910391e-168, 2.303191161910391e-168, 6.865716089780698e-165, 2.303191161910391e-168, 2.303191161910391e-168, 9.291736316326398e-166, 1.8662951286209762e-164, 2.303191161910391e-168, 5.0731161346720364e-164, 5.0731161346720364e-164, 7.529171920409294e-162, 4.110788581358434e-160, 2.303191161910391e-168, 5.0731161346720364e-164, 4.626083112371067e-167]"
"[[ 0.  0.  0. -1.  1.  0.  0.  1.  0.]
 [-1.  0.  1.  0.  0.  0. -1.  1. -1.]
 [-1.  1.  0.  1.  0.  1.  0.  0.  1.]
 [ 1.  1. -1. -1. -1.  0. -1.  0.  0.]
 [ 0.  1. -1.  1.  0.  1.  0. -1.  0.]
 [ 0.  0. -1.  0.  0.  0. -1. -1.  0.]
 [ 0.  0. -1.  1.  1.  1.  0.  0.  0.]
 [ 0. -1.  0.  1. -1.  0. -1.  1.  0.]
 [ 0. -1.  0.  0.  0.  0.  1.  0.  0.]]",1.0,"[[ 0.  0.  0. -1.  1.  0.  0.  1.  0.]
 [-1.  0.  1.  0.  0.  0. -1.  1. -1.]
 [-1.  1.  0.  1.  0.  1.  0.  0.  1.]
 [ 1.  1. -1. -1.  0.  0. -1.  0.  0.]
 [ 0.  1. -1.  1.  0.  1.  0. -1.  0.]
 [ 0.  0. -1.  0.  0.  0. -1. -1.  0.]
 [ 0.  0. -1.  1.  1.  1.  0.  0.  0.]
 [ 0. -1.  0.  1. -1.  0. -1.  1.  0.]
 [ 0. -1.  0.  0.  0.  0.  1.  0.  0.]]","[0.0, 0.0, 0.0, 0.0, 0.0, 0.0, 0.0, 0.0, 0.0, 0.0, 0.0, 0.0, 0.0, 0.0, 0.0, 0.0, 0.0, 0.0, 0.0, 0.0, 0.0, 0.0, 0.0, 0.0, 0.0, 0.0, 0.0, 0.0, 0.0, 0.0, 0.0, 1.0, 0.0, 0.0, 0.0, 0.0, 0.0, 0.0, 0.0, 0.0, 0.0, 0.0, 0.0, 0.0, 0.0, 0.0, 0.0, 0.0, 0.0, 0.0, 0.0, 0.0, 0.0, 0.0, 0.0, 0.0, 0.0, 0.0, 0.0, 0.0, 0.0, 0.0, 0.0, 0.0, 0.0, 0.0, 0.0, 0.0, 0.0, 0.0, 0.0, 0.0, 0.0, 0.0, 0.0, 0.0, 0.0, 0.0, 0.0, 0.0, 0.0]"
"[[ 0.  0.  0. -1.  1.  0.  0.  1.  0.]
 [-1.  0.  1.  0.  0.  0. -1.  1. -1.]
 [-1.  1.  0.  1.  0.  1.  0.  0.  1.]
 [ 1.  1. -1. -1. -1.  0. -1.  0.  0.]
 [ 0.  1. -1.  1.  0.  1.  1. -1.  0.]
 [ 0.  0. -1.  0.  0.  0. -1. -1.  0.]
 [ 0.  0. -1.  1.  1.  1.  0.  0.  0.]
 [ 0. -1.  0.  1. -1.  0. -1.  1.  0.]
 [ 0. -1.  0.  0.  0.  0.  1.  0.  0.]]",1.0,"[[ 0.  0.  0. -1.  1.  0.  0.  1.  0.]
 [-1.  0.  1.  0.  0.  0. -1.  1. -1.]
 [-1.  1.  0.  1.  0.  1.  0.  0.  1.]
 [ 1.  1. -1. -1. -1.  0. -1.  0.  0.]
 [ 0.  1. -1.  1.  0.  1.  0. -1.  0.]
 [ 0.  0. -1.  0.  0.  0. -1. -1.  0.]
 [ 0.  0. -1.  1.  1.  1.  0.  0.  0.]
 [ 0. -1.  0.  1. -1.  0. -1.  1.  0.]
 [ 0. -1.  0.  0.  0.  0.  1.  0.  0.]]","[0.0, 0.0, 0.0, 0.0, 0.0, 0.0, 0.0, 0.0, 0.0, 0.0, 0.0, 0.0, 0.0, 0.0, 0.0, 0.0, 0.0, 0.0, 0.0, 0.0, 0.0, 0.0, 0.0, 0.0, 0.0, 0.0, 0.0, 0.0, 0.0, 0.0, 0.0, 0.0, 0.0, 0.0, 0.0, 0.0, 3.093e-321, 0.0, 0.0, 0.0, 5.03739654e-316, 0.0, 1.0, 0.0, 2.0322308024e-313, 0.0, 0.0, 0.0, 0.0, 0.0, 0.0, 0.0, 0.0, 0.0, 0.0, 0.0, 0.0, 0.0, 0.0, 0.0, 0.0, 0.0, 0.0, 0.0, 0.0, 0.0, 0.0, 0.0, 0.0, 0.0, 0.0, 0.0, 0.0, 0.0, 0.0, 0.0, 0.0, 0.0, 0.0, 0.0, 0.0]"
"[[ 0.  0.  0. -1.  1.  0.  0.  1.  0.]
 [-1.  0.  1.  0.  0.  0. -1.  1. -1.]
 [-1.  1.  0.  1.  0.  1.  0.  0.  1.]
 [ 1.  1. -1. -1. -1.  0. -1.  0.  0.]
 [ 0.  1. -1.  1.  0.  1.  1. -1.  0.]
 [ 0.  0. -1.  0.  0.  0. -1. -1.  0.]
 [ 0.  0. -1.  1.  1.  1.  0.  0.  0.]
 [ 0. -1.  0.  1. -1.  0. -1.  1.  0.]
 [ 0. -1. -1.  0.  0.  0.  1.  0.  0.]]",1.0,"[[ 0.  0.  0. -1.  1.  0.  0.  1.  0.]
 [-1.  0.  1.  0.  0.  0. -1.  1. -1.]
 [-1.  1.  0.  1.  0.  1.  0.  0.  1.]
 [ 1.  1. -1. -1. -1.  0. -1.  0.  0.]
 [ 0.  1. -1.  1.  0.  1.  1. -1.  0.]
 [ 0.  0. -1.  0.  0.  0. -1. -1.  0.]
 [ 0.  0. -1.  1.  1.  1.  0.  0.  0.]
 [ 0. -1.  0.  1. -1.  0. -1.  1.  0.]
 [ 0. -1.  0.  0.  0.  0.  1.  0.  0.]]","[0.0, 0.0, 0.0, 0.0, 0.0, 0.0, 0.0, 0.0, 0.0, 0.0, 0.0, 0.0, 0.0, 0.0, 0.0, 0.0, 0.0, 0.0, 0.0, 0.0, 0.0, 0.0, 0.0, 0.0, 0.0, 0.0, 0.0, 0.0, 0.0, 0.0, 0.0, 0.0, 0.0, 0.0, 0.0, 0.0, 0.0, 0.0, 0.0, 0.0, 0.0, 0.0, 0.0, 0.0, 0.0, 0.0, 0.0, 0.0, 0.0, 0.0, 0.0, 0.0, 0.0, 0.0, 0.0, 0.0, 0.0, 0.0, 0.0, 0.0, 0.0, 0.0, 0.0, 0.0, 0.0, 0.0, 0.0, 0.0, 0.0, 0.0, 0.0, 0.0, 0.0, 0.0, 1.0, 0.0, 0.0, 0.0, 0.0, 0.0, 0.0]"
"[[ 0.  0.  0. -1.  1.  0.  0.  1.  0.]
 [-1.  0.  1.  0.  0.  0. -1.  1. -1.]
 [-1.  1.  0.  1.  0.  1.  0.  1.  1.]
 [ 1.  1. -1. -1. -1.  0. -1.  0.  0.]
 [ 0.  1. -1.  1.  0.  1.  1. -1.  0.]
 [ 0.  0. -1.  0.  0.  0. -1. -1.  0.]
 [ 0.  0. -1.  1.  1.  1.  0.  0.  0.]
 [ 0. -1.  0.  1. -1.  0. -1.  1.  0.]
 [ 0. -1. -1.  0.  0.  0.  1.  0.  0.]]",1.0,"[[ 0.  0.  0. -1.  1.  0.  0.  1.  0.]
 [-1.  0.  1.  0.  0.  0. -1.  1. -1.]
 [-1.  1.  0.  1.  0.  1.  0.  0.  1.]
 [ 1.  1. -1. -1. -1.  0. -1.  0.  0.]
 [ 0.  1. -1.  1.  0.  1.  1. -1.  0.]
 [ 0.  0. -1.  0.  0.  0. -1. -1.  0.]
 [ 0.  0. -1.  1.  1.  1.  0.  0.  0.]
 [ 0. -1.  0.  1. -1.  0. -1.  1.  0.]
 [ 0. -1. -1.  0.  0.  0.  1.  0.  0.]]","[8.198604207208e-311, 8.198604207208e-311, 8.198604207208e-311, 8.198604207208e-311, 8.198604207208e-311, 8.198604207208e-311, 8.198604207208e-311, 8.198604207208e-311, 8.198604207208e-311, 8.198604207208e-311, 8.198604207208e-311, 8.198604207208e-311, 8.198604207208e-311, 8.198604207208e-311, 8.198604207208e-311, 8.198604207208e-311, 8.198604207208e-311, 8.198604207208e-311, 8.198604207208e-311, 8.198604207208e-311, 1.8058627513522668e-306, 8.198604207208e-311, 2.0623086070371722e-280, 8.198604207208e-311, 3.307553003638408e-308, 1.0, 8.198604207208e-311, 8.198604207208e-311, 8.198604207208e-311, 8.198604207208e-311, 8.198604207208e-311, 8.198604207208e-311, 8.198604207208e-311, 8.198604207208e-311, 8.198604207208e-311, 8.198604207208e-311, 8.198604207208e-311, 8.198604207208e-311, 8.198604207208e-311, 8.198604207208e-311, 8.198604207208e-311, 8.198604207208e-311, 8.198604207208e-311, 8.198604207208e-311, 8.198604207208e-311, 8.198604207208e-311, 8.198604207208e-311, 8.198604207208e-311, 8.198604207208e-311, 8.198604207208e-311, 8.198604207208e-311, 8.198604207208e-311, 8.198604207208e-311, 8.198604207208e-311, 8.198604207208e-311, 8.198604207208e-311, 8.198604207208e-311, 8.198604207208e-311, 8.198604207208e-311, 8.198604207208e-311, 8.198604207208e-311, 8.198604207208e-311, 8.198604207208e-311, 8.198604207208e-311, 8.198604207208e-311, 8.198604207208e-311, 8.198604207208e-311, 8.198604207208e-311, 8.198604207208e-311, 8.198604207208e-311, 8.198604207208e-311, 8.198604207208e-311, 8.198604207208e-311, 8.198604207208e-311, 8.198604207208e-311, 8.198604207208e-311, 8.198604207208e-311, 8.198604207208e-311, 8.198604207208e-311, 8.198604207208e-311, 8.198604207208e-311]"
"[[ 0.  0.  0. -1.  1.  0.  0.  1.  0.]
 [-1.  0.  1.  0.  0.  0. -1.  1. -1.]
 [-1.  1.  0.  1.  0.  1.  0.  1.  1.]
 [ 1.  1. -1. -1. -1.  0. -1.  0.  0.]
 [ 0.  1. -1.  1.  0.  1.  1. -1.  0.]
 [ 0.  0. -1.  0.  0.  0. -1. -1.  0.]
 [ 0.  0. -1.  1.  1.  1.  0.  0.  0.]
 [ 0. -1.  0.  1. -1.  0. -1.  1. -1.]
 [ 0. -1. -1.  0.  0.  0.  1.  0.  0.]]",1.0,"[[ 0.  0.  0. -1.  1.  0.  0.  1.  0.]
 [-1.  0.  1.  0.  0.  0. -1.  1. -1.]
 [-1.  1.  0.  1.  0.  1.  0.  1.  1.]
 [ 1.  1. -1. -1. -1.  0. -1.  0.  0.]
 [ 0.  1. -1.  1.  0.  1.  1. -1.  0.]
 [ 0.  0. -1.  0.  0.  0. -1. -1.  0.]
 [ 0.  0. -1.  1.  1.  1.  0.  0.  0.]
 [ 0. -1.  0.  1. -1.  0. -1.  1.  0.]
 [ 0. -1. -1.  0.  0.  0.  1.  0.  0.]]","[0.0, 0.0, 0.0, 0.0, 0.0, 0.0, 0.0, 0.0, 0.0, 0.0, 0.0, 0.0, 0.0, 0.0, 0.0, 0.0, 0.0, 0.0, 0.0, 0.0, 0.0, 0.0, 0.0, 0.0, 0.0, 0.0, 0.0, 0.0, 0.0, 0.0, 0.0, 0.0, 0.0, 0.0, 0.0, 0.0, 0.0, 0.0, 0.0, 0.0, 0.0, 0.0, 0.0, 0.0, 0.0, 0.0, 0.0, 0.0, 0.0, 0.0, 0.0, 0.0, 0.0, 0.0, 0.0, 0.0, 0.0, 0.0, 0.0, 0.0, 0.0, 0.0, 0.0, 0.0, 0.0, 0.0, 0.0, 0.0, 0.0, 0.0, 0.0, 1.0, 0.0, 0.0, 0.0, 0.0, 0.0, 0.0, 0.0, 0.0, 0.0]"
"[[ 0.  0.  0. -1.  1.  0.  0.  1.  0.]
 [-1.  0.  1.  0.  0.  0. -1.  1. -1.]
 [-1.  1.  0.  1.  0.  1.  0.  1.  1.]
 [ 1.  1. -1. -1. -1.  0. -1.  0.  0.]
 [ 0.  1. -1.  1.  0.  1.  1. -1.  0.]
 [ 0.  0. -1.  0.  0.  0. -1. -1.  0.]
 [ 0.  0. -1.  1.  1.  1.  0.  0.  0.]
 [ 0. -1.  0.  1. -1.  0. -1.  1. -1.]
 [ 0. -1. -1.  0.  0.  0.  1.  1.  0.]]",1.0,"[[ 0.  0.  0. -1.  1.  0.  0.  1.  0.]
 [-1.  0.  1.  0.  0.  0. -1.  1. -1.]
 [-1.  1.  0.  1.  0.  1.  0.  1.  1.]
 [ 1.  1. -1. -1. -1.  0. -1.  0.  0.]
 [ 0.  1. -1.  1.  0.  1.  1. -1.  0.]
 [ 0.  0. -1.  0.  0.  0. -1. -1.  0.]
 [ 0.  0. -1.  1.  1.  1.  0.  0.  0.]
 [ 0. -1.  0.  1. -1.  0. -1.  1. -1.]
 [ 0. -1. -1.  0.  0.  0.  1.  0.  0.]]","[9.123929462085072e-275, 9.123929462085072e-275, 9.123929462085072e-275, 9.123929462085072e-275, 9.123929462085072e-275, 9.123929462085072e-275, 9.123929462085072e-275, 9.123929462085072e-275, 9.123929462085072e-275, 9.123929462085072e-275, 9.123929462085072e-275, 9.123929462085072e-275, 9.123929462085072e-275, 9.123929462085072e-275, 9.123929462085072e-275, 9.123929462085072e-275, 9.123929462085072e-275, 9.123929462085072e-275, 9.123929462085072e-275, 9.123929462085072e-275, 9.123929462085072e-275, 9.123929462085072e-275, 9.123929462085072e-275, 9.123929462085072e-275, 9.123929462085072e-275, 9.123929462085072e-275, 9.123929462085072e-275, 9.123929462085072e-275, 9.123929462085072e-275, 9.123929462085072e-275, 9.123929462085072e-275, 9.123929462085072e-275, 9.123929462085072e-275, 9.123929462085072e-275, 9.123929462085072e-275, 9.123929462085072e-275, 9.123929462085072e-275, 9.123929462085072e-275, 9.123929462085072e-275, 9.123929462085072e-275, 9.123929462085072e-275, 9.123929462085072e-275, 9.123929462085072e-275, 9.123929462085072e-275, 9.123929462085072e-275, 9.123929462085072e-275, 9.123929462085072e-275, 9.123929462085072e-275, 9.123929462085072e-275, 9.123929462085072e-275, 9.123929462085072e-275, 9.123929462085072e-275, 9.123929462085072e-275, 9.123929462085072e-275, 9.123929462085072e-275, 9.123929462085072e-275, 9.123929462085072e-275, 9.123929462085072e-275, 9.123929462085072e-275, 9.123929462085072e-275, 9.123929462085072e-275, 9.123929462085072e-275, 9.123929462085072e-275, 9.123929462085072e-275, 9.123929462085072e-275, 9.123929462085072e-275, 9.123929462085072e-275, 9.123929462085072e-275, 9.123929462085072e-275, 9.123929462085072e-275, 9.123929462085072e-275, 9.123929462085072e-275, 1.2032781734912767e-265, 9.123929462085072e-275, 9.123929462085072e-275, 2.009679202108461e-270, 1.6958389897142937e-243, 1.3195547438637656e-262, 9.123929462085072e-275, 1.0, 2.906512743009017e-258]"
"[[ 0.  0.  0. -1.  1.  0.  0.  1.  0.]
 [-1.  0.  1.  0.  0.  0. -1.  1. -1.]
 [-1.  1.  0.  1.  0.  1.  0.  1.  1.]
 [ 1.  1. -1. -1. -1.  0. -1.  0.  0.]
 [ 0.  1. -1.  1.  0.  1.  1. -1.  0.]
 [ 0.  0. -1.  0.  0.  0. -1. -1.  0.]
 [ 0.  0. -1.  1.  1.  1.  0.  0.  0.]
 [-1. -1.  0.  1. -1.  0. -1.  1. -1.]
 [ 0. -1. -1.  0.  0.  0.  1.  1.  0.]]",1.0,"[[ 0.  0.  0. -1.  1.  0.  0.  1.  0.]
 [-1.  0.  1.  0.  0.  0. -1.  1. -1.]
 [-1.  1.  0.  1.  0.  1.  0.  1.  1.]
 [ 1.  1. -1. -1. -1.  0. -1.  0.  0.]
 [ 0.  1. -1.  1.  0.  1.  1. -1.  0.]
 [ 0.  0. -1.  0.  0.  0. -1. -1.  0.]
 [ 0.  0. -1.  1.  1.  1.  0.  0.  0.]
 [ 0. -1.  0.  1. -1.  0. -1.  1. -1.]
 [ 0. -1. -1.  0.  0.  0.  1.  1.  0.]]","[0.0, 0.0, 0.0, 0.0, 0.0, 0.0, 0.0, 0.0, 0.0, 0.0, 0.0, 0.0, 0.0, 0.0, 0.0, 0.0, 0.0, 0.0, 0.0, 0.0, 0.0, 0.0, 0.0, 0.0, 0.0, 0.0, 0.0, 0.0, 0.0, 0.0, 0.0, 0.0, 0.0, 0.0, 0.0, 0.0, 0.0, 0.0, 0.0, 0.0, 0.0, 0.0, 0.0, 0.0, 0.0, 0.0, 0.0, 0.0, 0.0, 0.0, 0.0, 0.0, 0.0, 0.0, 0.0, 0.0, 0.0, 0.0, 0.0, 0.0, 0.0, 0.0, 0.0, 1.0, 0.0, 0.0, 0.0, 0.0, 0.0, 0.0, 0.0, 0.0, 0.0, 0.0, 0.0, 0.0, 0.0, 0.0, 0.0, 0.0, 0.0]"
"[[ 0.  0.  1. -1.  1.  0.  0.  1.  0.]
 [-1.  0.  1.  0.  0.  0. -1.  1. -1.]
 [-1.  1.  0.  1.  0.  1.  0.  1.  1.]
 [ 1.  1. -1. -1. -1.  0. -1.  0.  0.]
 [ 0.  1. -1.  1.  0.  1.  1. -1.  0.]
 [ 0.  0. -1.  0.  0.  0. -1. -1.  0.]
 [ 0.  0. -1.  1.  1.  1.  0.  0.  0.]
 [-1. -1.  0.  1. -1.  0. -1.  1. -1.]
 [ 0. -1. -1.  0.  0.  0.  1.  1.  0.]]",1.0,"[[ 0.  0.  0. -1.  1.  0.  0.  1.  0.]
 [-1.  0.  1.  0.  0.  0. -1.  1. -1.]
 [-1.  1.  0.  1.  0.  1.  0.  1.  1.]
 [ 1.  1. -1. -1. -1.  0. -1.  0.  0.]
 [ 0.  1. -1.  1.  0.  1.  1. -1.  0.]
 [ 0.  0. -1.  0.  0.  0. -1. -1.  0.]
 [ 0.  0. -1.  1.  1.  1.  0.  0.  0.]
 [-1. -1.  0.  1. -1.  0. -1.  1. -1.]
 [ 0. -1. -1.  0.  0.  0.  1.  1.  0.]]","[5.9452570255983664e-148, 1.0076552187941643e-119, 1.0, 2.2116807832197573e-191, 2.2116807832197573e-191, 9.535067964765462e-176, 1.3242248864327946e-186, 2.2116807832197573e-191, 4.218441761327482e-170, 2.2116807832197573e-191, 2.2116807832197573e-191, 2.2116807832197573e-191, 2.2116807832197573e-191, 2.2116807832197573e-191, 2.2116807832197573e-191, 2.2116807832197573e-191, 2.2116807832197573e-191, 2.2116807832197573e-191, 2.2116807832197573e-191, 2.2116807832197573e-191, 2.2116807832197573e-191, 2.2116807832197573e-191, 2.2116807832197573e-191, 2.2116807832197573e-191, 2.2116807832197573e-191, 2.2116807832197573e-191, 2.2116807832197573e-191, 2.2116807832197573e-191, 2.2116807832197573e-191, 2.2116807832197573e-191, 2.2116807832197573e-191, 2.2116807832197573e-191, 2.2116807832197573e-191, 2.2116807832197573e-191, 2.2116807832197573e-191, 2.2116807832197573e-191, 2.2116807832197573e-191, 2.2116807832197573e-191, 2.2116807832197573e-191, 2.2116807832197573e-191, 2.2116807832197573e-191, 2.2116807832197573e-191, 2.2116807832197573e-191, 2.2116807832197573e-191, 2.2116807832197573e-191, 2.2116807832197573e-191, 2.2116807832197573e-191, 2.2116807832197573e-191, 2.2116807832197573e-191, 2.2116807832197573e-191, 2.2116807832197573e-191, 2.2116807832197573e-191, 2.2116807832197573e-191, 2.2116807832197573e-191, 2.2116807832197573e-191, 2.2116807832197573e-191, 2.2116807832197573e-191, 2.2116807832197573e-191, 2.2116807832197573e-191, 2.2116807832197573e-191, 2.2116807832197573e-191, 2.2116807832197573e-191, 2.2116807832197573e-191, 2.2116807832197573e-191, 2.2116807832197573e-191, 2.2116807832197573e-191, 2.2116807832197573e-191, 2.2116807832197573e-191, 2.2116807832197573e-191, 2.2116807832197573e-191, 2.2116807832197573e-191, 2.2116807832197573e-191, 2.2116807832197573e-191, 2.2116807832197573e-191, 2.2116807832197573e-191, 2.2116807832197573e-191, 2.2116807832197573e-191, 2.2116807832197573e-191, 2.2116807832197573e-191, 2.2116807832197573e-191, 2.2116807832197573e-191]"
"[[ 0.  0.  1. -1.  1.  0.  0.  1.  0.]
 [-1.  0.  1.  0.  0.  0. -1.  1. -1.]
 [-1.  1. -1.  1.  0.  1.  0.  1.  1.]
 [ 1.  1. -1. -1. -1.  0. -1.  0.  0.]
 [ 0.  1. -1.  1.  0.  1.  1. -1.  0.]
 [ 0.  0. -1.  0.  0.  0. -1. -1.  0.]
 [ 0.  0. -1.  1.  1.  1.  0.  0.  0.]
 [-1. -1.  0.  1. -1.  0. -1.  1. -1.]
 [ 0. -1. -1.  0.  0.  0.  1.  1.  0.]]",1.0,"[[ 0.  0.  1. -1.  1.  0.  0.  1.  0.]
 [-1.  0.  1.  0.  0.  0. -1.  1. -1.]
 [-1.  1.  0.  1.  0.  1.  0.  1.  1.]
 [ 1.  1. -1. -1. -1.  0. -1.  0.  0.]
 [ 0.  1. -1.  1.  0.  1.  1. -1.  0.]
 [ 0.  0. -1.  0.  0.  0. -1. -1.  0.]
 [ 0.  0. -1.  1.  1.  1.  0.  0.  0.]
 [-1. -1.  0.  1. -1.  0. -1.  1. -1.]
 [ 0. -1. -1.  0.  0.  0.  1.  1.  0.]]","[0.0, 0.0, 0.0, 0.0, 0.0, 0.0, 0.0, 0.0, 0.0, 0.0, 0.0, 0.0, 0.0, 0.0, 0.0, 0.0, 0.0, 0.0, 0.0, 0.0, 1.0, 0.0, 0.0, 0.0, 0.0, 0.0, 0.0, 0.0, 0.0, 0.0, 0.0, 0.0, 0.0, 0.0, 0.0, 0.0, 0.0, 0.0, 0.0, 0.0, 0.0, 0.0, 0.0, 0.0, 0.0, 0.0, 0.0, 0.0, 0.0, 0.0, 0.0, 0.0, 0.0, 0.0, 0.0, 0.0, 0.0, 0.0, 0.0, 0.0, 0.0, 0.0, 0.0, 0.0, 0.0, 0.0, 0.0, 0.0, 0.0, 0.0, 0.0, 0.0, 0.0, 0.0, 0.0, 0.0, 0.0, 0.0, 0.0, 0.0, 0.0]"
"[[ 0.  0.  1. -1.  1.  0.  0.  1.  0.]
 [-1.  0.  1.  0.  0.  0. -1.  1. -1.]
 [-1.  1. -1.  1.  0.  1.  1.  1.  1.]
 [ 1.  1. -1. -1. -1.  0. -1.  0.  0.]
 [ 0.  1. -1.  1.  0.  1.  1. -1.  0.]
 [ 0.  0. -1.  0.  0.  0. -1. -1.  0.]
 [ 0.  0. -1.  1.  1.  1.  0.  0.  0.]
 [-1. -1.  0.  1. -1.  0. -1.  1. -1.]
 [ 0. -1. -1.  0.  0.  0.  1.  1.  0.]]",1.0,"[[ 0.  0.  1. -1.  1.  0.  0.  1.  0.]
 [-1.  0.  1.  0.  0.  0. -1.  1. -1.]
 [-1.  1. -1.  1.  0.  1.  0.  1.  1.]
 [ 1.  1. -1. -1. -1.  0. -1.  0.  0.]
 [ 0.  1. -1.  1.  0.  1.  1. -1.  0.]
 [ 0.  0. -1.  0.  0.  0. -1. -1.  0.]
 [ 0.  0. -1.  1.  1.  1.  0.  0.  0.]
 [-1. -1.  0.  1. -1.  0. -1.  1. -1.]
 [ 0. -1. -1.  0.  0.  0.  1.  1.  0.]]","[0.0, 0.0, 0.0, 0.0, 0.0, 0.0, 0.0, 0.0, 0.0, 0.0, 0.0, 0.0, 0.0, 0.0, 0.0, 0.0, 0.0, 0.0, 0.0, 0.0, 0.0, 0.0, 0.0, 0.0, 1.0, 0.0, 0.0, 0.0, 0.0, 0.0, 0.0, 0.0, 0.0, 0.0, 0.0, 0.0, 0.0, 0.0, 0.0, 0.0, 0.0, 0.0, 0.0, 0.0, 0.0, 0.0, 0.0, 0.0, 0.0, 0.0, 0.0, 0.0, 0.0, 0.0, 0.0, 0.0, 0.0, 0.0, 0.0, 0.0, 0.0, 0.0, 0.0, 0.0, 0.0, 0.0, 0.0, 0.0, 0.0, 0.0, 0.0, 0.0, 0.0, 0.0, 0.0, 0.0, 0.0, 0.0, 0.0, 0.0, 0.0]"
"[[ 0.  0.  1. -1.  1.  0.  0.  1. -1.]
 [-1.  0.  1.  0.  0.  0. -1.  1. -1.]
 [-1.  1. -1.  1.  0.  1.  1.  1.  1.]
 [ 1.  1. -1. -1. -1.  0. -1.  0.  0.]
 [ 0.  1. -1.  1.  0.  1.  1. -1.  0.]
 [ 0.  0. -1.  0.  0.  0. -1. -1.  0.]
 [ 0.  0. -1.  1.  1.  1.  0.  0.  0.]
 [-1. -1.  0.  1. -1.  0. -1.  1. -1.]
 [ 0. -1. -1.  0.  0.  0.  1.  1.  0.]]",1.0,"[[ 0.  0.  1. -1.  1.  0.  0.  1.  0.]
 [-1.  0.  1.  0.  0.  0. -1.  1. -1.]
 [-1.  1. -1.  1.  0.  1.  1.  1.  1.]
 [ 1.  1. -1. -1. -1.  0. -1.  0.  0.]
 [ 0.  1. -1.  1.  0.  1.  1. -1.  0.]
 [ 0.  0. -1.  0.  0.  0. -1. -1.  0.]
 [ 0.  0. -1.  1.  1.  1.  0.  0.  0.]
 [-1. -1.  0.  1. -1.  0. -1.  1. -1.]
 [ 0. -1. -1.  0.  0.  0.  1.  1.  0.]]","[0.0, 0.0, 0.0, 0.0, 0.0, 0.0, 0.0, 0.0, 1.0, 0.0, 0.0, 0.0, 0.0, 0.0, 0.0, 0.0, 0.0, 0.0, 0.0, 0.0, 0.0, 0.0, 0.0, 0.0, 0.0, 0.0, 0.0, 0.0, 0.0, 0.0, 0.0, 0.0, 0.0, 0.0, 0.0, 0.0, 0.0, 0.0, 0.0, 0.0, 0.0, 0.0, 0.0, 0.0, 0.0, 0.0, 0.0, 0.0, 0.0, 0.0, 0.0, 0.0, 0.0, 0.0, 0.0, 0.0, 0.0, 0.0, 0.0, 0.0, 0.0, 0.0, 0.0, 0.0, 0.0, 0.0, 0.0, 0.0, 0.0, 0.0, 0.0, 0.0, 0.0, 0.0, 0.0, 0.0, 0.0, 0.0, 0.0, 0.0, 0.0]"
"[[ 0.  0.  1. -1.  1.  0.  0.  1. -1.]
 [-1.  0.  1.  0.  0.  0. -1.  1. -1.]
 [-1.  1. -1.  1.  0.  1.  1.  1.  1.]
 [ 1.  1. -1. -1. -1.  0. -1.  0.  0.]
 [ 0.  1. -1.  1.  0.  1.  1. -1.  0.]
 [ 0.  0. -1.  0.  0.  0. -1. -1.  0.]
 [ 0.  0. -1.  1.  1.  1.  0.  0.  0.]
 [-1. -1.  0.  1. -1.  0. -1.  1. -1.]
 [ 0. -1. -1.  0.  1.  0.  1.  1.  0.]]",1.0,"[[ 0.  0.  1. -1.  1.  0.  0.  1. -1.]
 [-1.  0.  1.  0.  0.  0. -1.  1. -1.]
 [-1.  1. -1.  1.  0.  1.  1.  1.  1.]
 [ 1.  1. -1. -1. -1.  0. -1.  0.  0.]
 [ 0.  1. -1.  1.  0.  1.  1. -1.  0.]
 [ 0.  0. -1.  0.  0.  0. -1. -1.  0.]
 [ 0.  0. -1.  1.  1.  1.  0.  0.  0.]
 [-1. -1.  0.  1. -1.  0. -1.  1. -1.]
 [ 0. -1. -1.  0.  0.  0.  1.  1.  0.]]","[5.543727118291579e-237, 5.543727118291579e-237, 5.543727118291579e-237, 5.543727118291579e-237, 5.543727118291579e-237, 5.543727118291579e-237, 5.543727118291579e-237, 5.543727118291579e-237, 5.543727118291579e-237, 5.543727118291579e-237, 5.543727118291579e-237, 5.543727118291579e-237, 5.543727118291579e-237, 5.543727118291579e-237, 5.543727118291579e-237, 5.543727118291579e-237, 5.543727118291579e-237, 5.543727118291579e-237, 5.543727118291579e-237, 5.543727118291579e-237, 5.543727118291579e-237, 5.543727118291579e-237, 5.543727118291579e-237, 5.543727118291579e-237, 5.543727118291579e-237, 5.543727118291579e-237, 5.543727118291579e-237, 5.543727118291579e-237, 5.543727118291579e-237, 5.543727118291579e-237, 5.543727118291579e-237, 5.543727118291579e-237, 5.543727118291579e-237, 5.543727118291579e-237, 5.543727118291579e-237, 5.543727118291579e-237, 5.543727118291579e-237, 5.543727118291579e-237, 5.543727118291579e-237, 5.543727118291579e-237, 5.543727118291579e-237, 5.543727118291579e-237, 5.543727118291579e-237, 5.543727118291579e-237, 5.543727118291579e-237, 5.543727118291579e-237, 5.543727118291579e-237, 5.543727118291579e-237, 5.543727118291579e-237, 5.543727118291579e-237, 5.543727118291579e-237, 5.543727118291579e-237, 5.543727118291579e-237, 5.543727118291579e-237, 5.543727118291579e-237, 5.543727118291579e-237, 5.543727118291579e-237, 5.543727118291579e-237, 5.543727118291579e-237, 5.543727118291579e-237, 5.543727118291579e-237, 5.543727118291579e-237, 5.543727118291579e-237, 5.543727118291579e-237, 5.543727118291579e-237, 5.543727118291579e-237, 5.543727118291579e-237, 5.543727118291579e-237, 5.543727118291579e-237, 5.543727118291579e-237, 5.543727118291579e-237, 5.543727118291579e-237, 3.790618342239785e-206, 5.543727118291579e-237, 5.543727118291579e-237, 6.079434979197592e-234, 1.0, 5.342304482466365e-184, 5.543727118291579e-237, 5.543727118291579e-237, 1.1595589470279344e-212]"
"[[ 0.  0.  1. -1.  1.  0.  0.  1. -1.]
 [-1.  0.  1.  0.  0.  0. -1.  1. -1.]
 [-1.  1. -1.  1.  0.  1.  1.  1.  1.]
 [ 1.  1. -1. -1. -1.  0. -1.  0.  0.]
 [ 0.  1. -1.  1.  0.  1.  1. -1. -1.]
 [ 0.  0. -1.  0.  0.  0. -1. -1.  0.]
 [ 0.  0. -1.  1.  1.  1.  0.  0.  0.]
 [-1. -1.  0.  1. -1.  0. -1.  1. -1.]
 [ 0. -1. -1.  0.  1.  0.  1.  1.  0.]]",1.0,"[[ 0.  0.  1. -1.  1.  0.  0.  1. -1.]
 [-1.  0.  1.  0.  0.  0. -1.  1. -1.]
 [-1.  1. -1.  1.  0.  1.  1.  1.  1.]
 [ 1.  1. -1. -1. -1.  0. -1.  0.  0.]
 [ 0.  1. -1.  1.  0.  1.  1. -1.  0.]
 [ 0.  0. -1.  0.  0.  0. -1. -1.  0.]
 [ 0.  0. -1.  1.  1.  1.  0.  0.  0.]
 [-1. -1.  0.  1. -1.  0. -1.  1. -1.]
 [ 0. -1. -1.  0.  1.  0.  1.  1.  0.]]","[0.0, 0.0, 0.0, 0.0, 0.0, 0.0, 0.0, 0.0, 0.0, 0.0, 0.0, 0.0, 0.0, 0.0, 0.0, 0.0, 0.0, 0.0, 0.0, 0.0, 0.0, 0.0, 0.0, 0.0, 0.0, 0.0, 0.0, 0.0, 0.0, 0.0, 0.0, 0.0, 0.0, 0.0, 0.0, 0.0, 0.0, 0.0, 0.0, 0.0, 0.0, 0.0, 0.0, 0.0, 1.0, 0.0, 0.0, 0.0, 0.0, 0.0, 0.0, 0.0, 0.0, 0.0, 0.0, 0.0, 0.0, 0.0, 0.0, 0.0, 0.0, 0.0, 0.0, 0.0, 0.0, 0.0, 0.0, 0.0, 0.0, 0.0, 0.0, 0.0, 0.0, 0.0, 0.0, 0.0, 0.0, 0.0, 0.0, 0.0, 0.0]"
"[[ 0.  0.  1. -1.  1.  0.  0.  1. -1.]
 [-1.  0.  1.  0.  0.  0. -1.  1. -1.]
 [-1.  1. -1.  1.  0.  1.  1.  1.  1.]
 [ 1.  1. -1. -1. -1.  0. -1.  0.  0.]
 [ 0.  1. -1.  1.  0.  1.  1. -1. -1.]
 [ 0.  0. -1.  0.  0.  0. -1. -1.  0.]
 [ 0.  0. -1.  1.  1.  1.  0.  0.  0.]
 [-1. -1.  0.  1. -1.  0. -1.  1. -1.]
 [ 0. -1. -1.  0.  1.  1.  1.  1.  0.]]",1.0,"[[ 0.  0.  1. -1.  1.  0.  0.  1. -1.]
 [-1.  0.  1.  0.  0.  0. -1.  1. -1.]
 [-1.  1. -1.  1.  0.  1.  1.  1.  1.]
 [ 1.  1. -1. -1. -1.  0. -1.  0.  0.]
 [ 0.  1. -1.  1.  0.  1.  1. -1. -1.]
 [ 0.  0. -1.  0.  0.  0. -1. -1.  0.]
 [ 0.  0. -1.  1.  1.  1.  0.  0.  0.]
 [-1. -1.  0.  1. -1.  0. -1.  1. -1.]
 [ 0. -1. -1.  0.  1.  0.  1.  1.  0.]]","[9.226315e-318, 9.226315e-318, 9.226315e-318, 9.226315e-318, 9.226315e-318, 9.226315e-318, 9.226315e-318, 9.226315e-318, 9.226315e-318, 9.226315e-318, 9.226315e-318, 9.226315e-318, 9.226315e-318, 9.226315e-318, 9.226315e-318, 9.226315e-318, 9.226315e-318, 9.226315e-318, 9.226315e-318, 9.226315e-318, 9.226315e-318, 9.226315e-318, 9.226315e-318, 9.226315e-318, 9.226315e-318, 9.226315e-318, 9.226315e-318, 9.226315e-318, 9.226315e-318, 9.226315e-318, 9.226315e-318, 9.226315e-318, 9.226315e-318, 9.226315e-318, 9.226315e-318, 9.226315e-318, 9.226315e-318, 9.226315e-318, 9.226315e-318, 9.226315e-318, 9.226315e-318, 9.226315e-318, 9.226315e-318, 9.226315e-318, 9.226315e-318, 9.226315e-318, 9.226315e-318, 9.226315e-318, 9.226315e-318, 9.226315e-318, 9.226315e-318, 9.226315e-318, 9.226315e-318, 9.226315e-318, 9.226315e-318, 9.226315e-318, 9.226315e-318, 9.226315e-318, 9.226315e-318, 9.226315e-318, 9.226315e-318, 9.226315e-318, 9.226315e-318, 9.226315e-318, 9.226315e-318, 9.226315e-318, 9.226315e-318, 9.226315e-318, 9.226315e-318, 9.226315e-318, 9.226315e-318, 9.226315e-318, 7.09945017032607e-294, 9.226315e-318, 9.226315e-318, 5.5241760615e-313, 9.226315e-318, 1.0, 9.226315e-318, 9.226315e-318, 5.03739654e-316]"
"[[ 0.  0.  1. -1.  1.  0.  0.  1. -1.]
 [-1.  0.  1.  0.  0.  0. -1.  1. -1.]
 [-1.  1. -1.  1.  0.  1.  1.  1.  1.]
 [ 1.  1. -1. -1. -1.  0. -1.  0.  0.]
 [ 0.  1. -1.  1.  0.  1.  1. -1. -1.]
 [ 0.  0. -1.  0.  0. -1. -1. -1.  0.]
 [ 0.  0. -1.  1.  1.  1.  0.  0.  0.]
 [-1. -1.  0.  1. -1.  0. -1.  1. -1.]
 [ 0. -1. -1.  0.  1.  1.  1.  1.  0.]]",1.0,"[[ 0.  0.  1. -1.  1.  0.  0.  1. -1.]
 [-1.  0.  1.  0.  0.  0. -1.  1. -1.]
 [-1.  1. -1.  1.  0.  1.  1.  1.  1.]
 [ 1.  1. -1. -1. -1.  0. -1.  0.  0.]
 [ 0.  1. -1.  1.  0.  1.  1. -1. -1.]
 [ 0.  0. -1.  0.  0.  0. -1. -1.  0.]
 [ 0.  0. -1.  1.  1.  1.  0.  0.  0.]
 [-1. -1.  0.  1. -1.  0. -1.  1. -1.]
 [ 0. -1. -1.  0.  1.  1.  1.  1.  0.]]","[0.0, 0.0, 0.0, 0.0, 0.0, 0.0, 0.0, 0.0, 0.0, 0.0, 0.0, 0.0, 0.0, 0.0, 0.0, 0.0, 0.0, 0.0, 0.0, 0.0, 0.0, 0.0, 0.0, 0.0, 0.0, 0.0, 0.0, 0.0, 0.0, 0.0, 0.0, 0.0, 0.0, 0.0, 0.0, 0.0, 0.0, 0.0, 0.0, 0.0, 0.0, 0.0, 0.0, 0.0, 0.0, 0.0, 0.0, 0.0, 0.0, 0.0, 1.0, 0.0, 0.0, 0.0, 0.0, 0.0, 0.0, 0.0, 0.0, 0.0, 0.0, 0.0, 0.0, 0.0, 0.0, 0.0, 0.0, 0.0, 0.0, 0.0, 0.0, 0.0, 0.0, 0.0, 0.0, 0.0, 0.0, 0.0, 0.0, 0.0, 0.0]"
"[[ 0.  0.  1. -1.  1.  0.  0.  1. -1.]
 [-1.  0.  1.  0.  0.  0. -1.  1. -1.]
 [-1.  1. -1.  1.  0.  1.  1.  1.  1.]
 [ 1.  1. -1. -1. -1.  0. -1.  0.  0.]
 [ 0.  1. -1.  1.  0.  1.  1. -1. -1.]
 [ 0.  0. -1.  0.  1. -1. -1. -1.  0.]
 [ 0.  0. -1.  1.  1.  1.  0.  0.  0.]
 [-1. -1.  0.  1. -1.  0. -1.  1. -1.]
 [ 0. -1. -1.  0.  1.  1.  1.  1.  0.]]",1.0,"[[ 0.  0.  1. -1.  1.  0.  0.  1. -1.]
 [-1.  0.  1.  0.  0.  0. -1.  1. -1.]
 [-1.  1. -1.  1.  0.  1.  1.  1.  1.]
 [ 1.  1. -1. -1. -1.  0. -1.  0.  0.]
 [ 0.  1. -1.  1.  0.  1.  1. -1. -1.]
 [ 0.  0. -1.  0.  0. -1. -1. -1.  0.]
 [ 0.  0. -1.  1.  1.  1.  0.  0.  0.]
 [-1. -1.  0.  1. -1.  0. -1.  1. -1.]
 [ 0. -1. -1.  0.  1.  1.  1.  1.  0.]]","[1.172570929183388e-255, 1.172570929183388e-255, 1.172570929183388e-255, 1.172570929183388e-255, 1.172570929183388e-255, 1.172570929183388e-255, 1.172570929183388e-255, 1.172570929183388e-255, 1.172570929183388e-255, 1.172570929183388e-255, 1.172570929183388e-255, 1.172570929183388e-255, 1.172570929183388e-255, 1.172570929183388e-255, 1.172570929183388e-255, 1.172570929183388e-255, 1.172570929183388e-255, 1.172570929183388e-255, 1.172570929183388e-255, 1.172570929183388e-255, 1.172570929183388e-255, 1.172570929183388e-255, 1.172570929183388e-255, 1.172570929183388e-255, 1.172570929183388e-255, 1.172570929183388e-255, 1.172570929183388e-255, 1.172570929183388e-255, 1.172570929183388e-255, 1.172570929183388e-255, 1.172570929183388e-255, 1.172570929183388e-255, 1.172570929183388e-255, 1.172570929183388e-255, 1.172570929183388e-255, 1.172570929183388e-255, 1.172570929183388e-255, 1.172570929183388e-255, 1.172570929183388e-255, 1.172570929183388e-255, 1.172570929183388e-255, 1.172570929183388e-255, 1.172570929183388e-255, 1.172570929183388e-255, 1.172570929183388e-255, 9.396003466738291e-209, 1.6958389897142937e-243, 1.172570929183388e-255, 2.582759346364262e-251, 1.0, 1.172570929183388e-255, 1.172570929183388e-255, 1.172570929183388e-255, 1.4684846469095084e-226, 1.172570929183388e-255, 1.172570929183388e-255, 1.172570929183388e-255, 1.172570929183388e-255, 1.172570929183388e-255, 1.172570929183388e-255, 1.172570929183388e-255, 1.172570929183388e-255, 1.172570929183388e-255, 1.172570929183388e-255, 1.172570929183388e-255, 1.172570929183388e-255, 1.172570929183388e-255, 1.172570929183388e-255, 1.172570929183388e-255, 1.172570929183388e-255, 1.172570929183388e-255, 1.172570929183388e-255, 1.172570929183388e-255, 1.172570929183388e-255, 1.172570929183388e-255, 1.172570929183388e-255, 1.172570929183388e-255, 1.172570929183388e-255, 1.172570929183388e-255, 1.172570929183388e-255, 1.172570929183388e-255]"
"[[ 0.  0.  1. -1.  1.  0.  0.  1. -1.]
 [-1.  0.  1.  0.  0.  0. -1.  1. -1.]
 [-1.  1. -1.  1.  0.  1.  1.  1.  1.]
 [ 1.  1. -1. -1. -1.  0. -1.  0.  0.]
 [ 0.  1. -1.  1. -1.  1.  1. -1. -1.]
 [ 0.  0. -1.  0.  1. -1. -1. -1.  0.]
 [ 0.  0. -1.  1.  1.  1.  0.  0.  0.]
 [-1. -1.  0.  1. -1.  0. -1.  1. -1.]
 [ 0. -1. -1.  0.  1.  1.  1.  1.  0.]]",1.0,"[[ 0.  0.  1. -1.  1.  0.  0.  1. -1.]
 [-1.  0.  1.  0.  0.  0. -1.  1. -1.]
 [-1.  1. -1.  1.  0.  1.  1.  1.  1.]
 [ 1.  1. -1. -1. -1.  0. -1.  0.  0.]
 [ 0.  1. -1.  1.  0.  1.  1. -1. -1.]
 [ 0.  0. -1.  0.  1. -1. -1. -1.  0.]
 [ 0.  0. -1.  1.  1.  1.  0.  0.  0.]
 [-1. -1.  0.  1. -1.  0. -1.  1. -1.]
 [ 0. -1. -1.  0.  1.  1.  1.  1.  0.]]","[0.0, 0.0, 0.0, 0.0, 0.0, 0.0, 0.0, 0.0, 0.0, 0.0, 0.0, 0.0, 0.0, 0.0, 0.0, 0.0, 0.0, 0.0, 0.0, 0.0, 0.0, 0.0, 0.0, 0.0, 0.0, 0.0, 0.0, 0.0, 0.0, 0.0, 0.0, 0.0, 0.0, 0.0, 0.0, 0.0, 0.0, 0.0, 0.0, 0.0, 1.0, 0.0, 0.0, 0.0, 0.0, 0.0, 0.0, 0.0, 0.0, 0.0, 0.0, 0.0, 0.0, 0.0, 0.0, 0.0, 0.0, 0.0, 0.0, 0.0, 0.0, 0.0, 0.0, 0.0, 0.0, 0.0, 0.0, 0.0, 0.0, 0.0, 0.0, 0.0, 0.0, 0.0, 0.0, 0.0, 0.0, 0.0, 0.0, 0.0, 0.0]"
"[[ 0.  0.  1. -1.  1.  0.  0.  1. -1.]
 [-1.  0.  1.  0.  0.  0. -1.  1. -1.]
 [-1.  1. -1.  1.  0.  1.  1.  1.  1.]
 [ 1.  1. -1. -1. -1.  0. -1.  0.  0.]
 [ 1.  1. -1.  1. -1.  1.  1. -1. -1.]
 [ 0.  0. -1.  0.  1. -1. -1. -1.  0.]
 [ 0.  0. -1.  1.  1.  1.  0.  0.  0.]
 [-1. -1.  0.  1. -1.  0. -1.  1. -1.]
 [ 0. -1. -1.  0.  1.  1.  1.  1.  0.]]",1.0,"[[ 0.  0.  1. -1.  1.  0.  0.  1. -1.]
 [-1.  0.  1.  0.  0.  0. -1.  1. -1.]
 [-1.  1. -1.  1.  0.  1.  1.  1.  1.]
 [ 1.  1. -1. -1. -1.  0. -1.  0.  0.]
 [ 0.  1. -1.  1. -1.  1.  1. -1. -1.]
 [ 0.  0. -1.  0.  1. -1. -1. -1.  0.]
 [ 0.  0. -1.  1.  1.  1.  0.  0.  0.]
 [-1. -1.  0.  1. -1.  0. -1.  1. -1.]
 [ 0. -1. -1.  0.  1.  1.  1.  1.  0.]]","[0.0, 0.0, 0.0, 0.0, 0.0, 0.0, 0.0, 0.0, 0.0, 0.0, 0.0, 0.0, 0.0, 0.0, 0.0, 0.0, 0.0, 0.0, 0.0, 0.0, 0.0, 0.0, 0.0, 0.0, 0.0, 0.0, 0.0, 0.0, 0.0, 0.0, 0.0, 0.0, 0.0, 0.0, 0.0, 0.0, 1.0, 0.0, 0.0, 0.0, 0.0, 0.0, 0.0, 0.0, 0.0, 0.0, 0.0, 0.0, 0.0, 0.0, 0.0, 0.0, 0.0, 0.0, 0.0, 0.0, 0.0, 0.0, 0.0, 0.0, 0.0, 0.0, 0.0, 0.0, 0.0, 0.0, 0.0, 0.0, 0.0, 0.0, 0.0, 0.0, 0.0, 0.0, 0.0, 0.0, 0.0, 0.0, 0.0, 0.0, 0.0]"
